,timestamp,id,area,subarea,temperature,longitude,latitude
0,0,0,1,6,20.81,3.6,7.4
2,2,0,1,6,20.77,3.6,7.4
3,3,0,1,6,21.04904761904762,3.6,7.4
4,4,0,1,6,20.84,3.6,7.4
6,6,0,1,6,21.41,3.6,7.4
9,9,0,1,6,21.04904761904762,3.6,7.4
12,12,0,1,6,21.04904761904762,3.6,7.4
15,15,0,1,6,21.2,3.6,7.4
16,16,0,1,6,20.83,3.6,7.4
17,17,0,1,6,20.86,3.6,7.4
22,22,0,1,6,20.87,3.6,7.4
26,26,0,1,6,20.86,3.6,7.4
27,27,0,1,6,21.06,3.6,7.4
29,29,0,1,6,21.02,3.6,7.4
30,30,0,1,6,21.22,3.6,7.4
31,31,0,1,6,20.91,3.6,7.4
34,34,0,1,6,21.41,3.6,7.4
35,35,0,1,6,21.07,3.6,7.4
36,36,0,1,6,21.03,3.6,7.4
37,37,0,1,6,21.04904761904762,3.6,7.4
42,42,0,1,6,21.04904761904762,3.6,7.4
43,43,0,1,6,21.27,3.6,7.4
45,45,0,1,6,21.13,3.6,7.4
46,46,0,1,6,21.18,3.6,7.4
48,48,0,1,6,21.04904761904762,3.6,7.4
49,49,0,1,6,21.11,3.6,7.4
52,52,0,1,6,20.94,3.6,7.4
53,53,0,1,6,21.04904761904762,3.6,7.4
55,55,0,1,6,20.99,3.6,7.4
56,56,0,1,6,21.03,3.6,7.4
58,58,0,1,6,21.04904761904762,3.6,7.4
59,59,0,1,6,20.93,3.6,7.4
60,60,0,1,6,21.01,3.6,7.4
62,62,0,1,6,20.8,3.6,7.4
63,63,0,1,6,21.04904761904762,3.6,7.4
66,66,0,1,6,21.06,3.6,7.4
67,67,0,1,6,21.04904761904762,3.6,7.4
69,69,0,1,6,21.31,3.6,7.4
70,70,0,1,6,21.22,3.6,7.4
72,72,0,1,6,21.04904761904762,3.6,7.4
75,75,0,1,6,21.26,3.6,7.4
78,78,0,1,6,20.83,3.6,7.4
80,80,0,1,6,21.02,3.6,7.4
83,83,0,1,6,21.04904761904762,3.6,7.4
87,87,0,1,6,21.04904761904762,3.6,7.4
88,88,0,1,6,20.93,3.6,7.4
90,90,0,1,6,21.36,3.6,7.4
93,93,0,1,6,20.88,3.6,7.4
94,94,0,1,6,21.03,3.6,7.4
96,96,0,1,6,21.09,3.6,7.4
97,97,0,1,6,21.09,3.6,7.4
99,99,0,1,6,21.34,3.6,7.4
103,103,0,1,6,21.04,3.6,7.4
107,107,0,1,6,21.18,3.6,7.4
108,108,0,1,6,21.13,3.6,7.4
111,111,0,1,6,20.81,3.6,7.4
112,112,0,1,6,21.26,3.6,7.4
113,113,0,1,6,21.11,3.6,7.4
115,115,0,1,6,20.89,3.6,7.4
117,117,0,1,6,21.04904761904762,3.6,7.4
118,118,0,1,6,21.04904761904762,3.6,7.4
120,0,1,1,1,20.9,2.0,8.0
121,1,1,1,1,21.05,2.0,8.0
122,2,1,1,1,21.03,2.0,8.0
123,3,1,1,1,20.96,2.0,8.0
124,4,1,1,1,21.005196078431375,2.0,8.0
127,7,1,1,1,21.005196078431375,2.0,8.0
130,10,1,1,1,20.8,2.0,8.0
131,11,1,1,1,20.88,2.0,8.0
133,13,1,1,1,21.005196078431375,2.0,8.0
135,15,1,1,1,20.8,2.0,8.0
136,16,1,1,1,21.005196078431375,2.0,8.0
137,17,1,1,1,21.09,2.0,8.0
138,18,1,1,1,20.81,2.0,8.0
139,19,1,1,1,20.96,2.0,8.0
142,22,1,1,1,20.85,2.0,8.0
143,23,1,1,1,21.01,2.0,8.0
147,27,1,1,1,21.005196078431375,2.0,8.0
149,29,1,1,1,20.8,2.0,8.0
152,32,1,1,1,21.08,2.0,8.0
153,33,1,1,1,21.005196078431375,2.0,8.0
155,35,1,1,1,21.005196078431375,2.0,8.0
156,36,1,1,1,21.11,2.0,8.0
157,37,1,1,1,21.005196078431375,2.0,8.0
162,42,1,1,1,20.93,2.0,8.0
166,46,1,1,1,20.96,2.0,8.0
167,47,1,1,1,21.04,2.0,8.0
168,48,1,1,1,20.97,2.0,8.0
170,50,1,1,1,21.11,2.0,8.0
171,51,1,1,1,21.005196078431375,2.0,8.0
172,52,1,1,1,21.04,2.0,8.0
175,55,1,1,1,21.005196078431375,2.0,8.0
176,56,1,1,1,21.005196078431375,2.0,8.0
181,61,1,1,1,21.005196078431375,2.0,8.0
182,62,1,1,1,21.03,2.0,8.0
183,63,1,1,1,21.005196078431375,2.0,8.0
184,64,1,1,1,21.11,2.0,8.0
185,65,1,1,1,20.88,2.0,8.0
187,67,1,1,1,20.85,2.0,8.0
188,68,1,1,1,20.95,2.0,8.0
189,69,1,1,1,21.08,2.0,8.0
190,70,1,1,1,21.08,2.0,8.0
191,71,1,1,1,21.1,2.0,8.0
196,76,1,1,1,20.8,2.0,8.0
201,81,1,1,1,21.05,2.0,8.0
202,82,1,1,1,21.005196078431375,2.0,8.0
204,84,1,1,1,21.12,2.0,8.0
208,88,1,1,1,20.88,2.0,8.0
210,90,1,1,1,20.88,2.0,8.0
211,91,1,1,1,21.005196078431375,2.0,8.0
212,92,1,1,1,20.83,2.0,8.0
214,94,1,1,1,21.005196078431375,2.0,8.0
215,95,1,1,1,20.88,2.0,8.0
216,96,1,1,1,20.85,2.0,8.0
221,101,1,1,1,20.99,2.0,8.0
222,102,1,1,1,20.8,2.0,8.0
223,103,1,1,1,21.005196078431375,2.0,8.0
225,105,1,1,1,20.97,2.0,8.0
226,106,1,1,1,20.92,2.0,8.0
228,108,1,1,1,20.83,2.0,8.0
229,109,1,1,1,20.98,2.0,8.0
230,110,1,1,1,20.87,2.0,8.0
235,115,1,1,1,21.11,2.0,8.0
237,117,1,1,1,20.98,2.0,8.0
238,118,1,1,1,21.005196078431375,2.0,8.0
480,0,4,1,5,20.987350427350425,1.2,5.5
485,5,4,1,5,20.75,1.2,5.5
486,6,4,1,5,20.94,1.2,5.5
487,7,4,1,5,20.86,1.2,5.5
488,8,4,1,5,21.14,1.2,5.5
490,10,4,1,5,21.01,1.2,5.5
491,11,4,1,5,20.987350427350425,1.2,5.5
492,12,4,1,5,21.09,1.2,5.5
494,14,4,1,5,21.11,1.2,5.5
495,15,4,1,5,20.76,1.2,5.5
496,16,4,1,5,21.17,1.2,5.5
497,17,4,1,5,20.82,1.2,5.5
499,19,4,1,5,20.8,1.2,5.5
500,20,4,1,5,20.94,1.2,5.5
501,21,4,1,5,20.92,1.2,5.5
505,25,4,1,5,21.05,1.2,5.5
506,26,4,1,5,21.05,1.2,5.5
509,29,4,1,5,21.01,1.2,5.5
511,31,4,1,5,20.92,1.2,5.5
512,32,4,1,5,20.75,1.2,5.5
513,33,4,1,5,21.2,1.2,5.5
514,34,4,1,5,20.85,1.2,5.5
515,35,4,1,5,21.16,1.2,5.5
516,36,4,1,5,21.15,1.2,5.5
517,37,4,1,5,20.81,1.2,5.5
519,39,4,1,5,20.8,1.2,5.5
521,41,4,1,5,20.95,1.2,5.5
522,42,4,1,5,20.97,1.2,5.5
528,48,4,1,5,20.83,1.2,5.5
529,49,4,1,5,20.82,1.2,5.5
530,50,4,1,5,20.86,1.2,5.5
534,54,4,1,5,20.91,1.2,5.5
536,56,4,1,5,21.1,1.2,5.5
538,58,4,1,5,21.06,1.2,5.5
541,61,4,1,5,20.76,1.2,5.5
543,63,4,1,5,21.07,1.2,5.5
547,67,4,1,5,21.02,1.2,5.5
548,68,4,1,5,20.75,1.2,5.5
549,69,4,1,5,20.87,1.2,5.5
550,70,4,1,5,20.81,1.2,5.5
552,72,4,1,5,21.07,1.2,5.5
553,73,4,1,5,21.08,1.2,5.5
554,74,4,1,5,20.987350427350425,1.2,5.5
556,76,4,1,5,20.94,1.2,5.5
560,80,4,1,5,21.07,1.2,5.5
564,84,4,1,5,20.8,1.2,5.5
566,86,4,1,5,20.8,1.2,5.5
567,87,4,1,5,20.85,1.2,5.5
569,89,4,1,5,21.11,1.2,5.5
572,92,4,1,5,21.02,1.2,5.5
575,95,4,1,5,20.85,1.2,5.5
577,97,4,1,5,20.87,1.2,5.5
578,98,4,1,5,21.06,1.2,5.5
580,100,4,1,5,20.86,1.2,5.5
582,102,4,1,5,20.95,1.2,5.5
587,107,4,1,5,20.96,1.2,5.5
589,109,4,1,5,20.77,1.2,5.5
593,113,4,1,5,21.03,1.2,5.5
594,114,4,1,5,21.13,1.2,5.5
595,115,4,1,5,20.9,1.2,5.5
598,118,4,1,5,20.91,1.2,5.5
602,2,5,1,1,20.29,2.0,7.6
605,5,5,1,1,20.24,2.0,7.6
607,7,5,1,1,20.35,2.0,7.6
608,8,5,1,1,20.63,2.0,7.6
609,9,5,1,1,20.49,2.0,7.6
610,10,5,1,1,20.69,2.0,7.6
612,12,5,1,1,20.44,2.0,7.6
613,13,5,1,1,20.66,2.0,7.6
617,17,5,1,1,20.59,2.0,7.6
618,18,5,1,1,20.51,2.0,7.6
620,20,5,1,1,20.45,2.0,7.6
622,22,5,1,1,20.53,2.0,7.6
623,23,5,1,1,20.55,2.0,7.6
625,25,5,1,1,20.31,2.0,7.6
626,26,5,1,1,20.48,2.0,7.6
627,27,5,1,1,20.55,2.0,7.6
629,29,5,1,1,20.37,2.0,7.6
631,31,5,1,1,20.31,2.0,7.6
632,32,5,1,1,20.61,2.0,7.6
636,36,5,1,1,20.69,2.0,7.6
637,37,5,1,1,20.43,2.0,7.6
648,48,5,1,1,20.53,2.0,7.6
650,50,5,1,1,20.67,2.0,7.6
652,52,5,1,1,20.24,2.0,7.6
654,54,5,1,1,20.66,2.0,7.6
657,57,5,1,1,20.3,2.0,7.6
658,58,5,1,1,20.41,2.0,7.6
660,60,5,1,1,20.41,2.0,7.6
661,61,5,1,1,20.27,2.0,7.6
663,63,5,1,1,20.46,2.0,7.6
665,65,5,1,1,20.63,2.0,7.6
666,66,5,1,1,20.28,2.0,7.6
668,68,5,1,1,20.26,2.0,7.6
670,70,5,1,1,20.55,2.0,7.6
673,73,5,1,1,20.59,2.0,7.6
674,74,5,1,1,20.69,2.0,7.6
675,75,5,1,1,20.58,2.0,7.6
676,76,5,1,1,20.27,2.0,7.6
680,80,5,1,1,20.5,2.0,7.6
681,81,5,1,1,20.52,2.0,7.6
682,82,5,1,1,20.25,2.0,7.6
685,85,5,1,1,20.65,2.0,7.6
686,86,5,1,1,20.31,2.0,7.6
688,88,5,1,1,20.34,2.0,7.6
689,89,5,1,1,20.68,2.0,7.6
692,92,5,1,1,20.55,2.0,7.6
696,96,5,1,1,20.31,2.0,7.6
697,97,5,1,1,20.38,2.0,7.6
698,98,5,1,1,20.45,2.0,7.6
700,100,5,1,1,20.4,2.0,7.6
701,101,5,1,1,20.35,2.0,7.6
702,102,5,1,1,20.24,2.0,7.6
703,103,5,1,1,20.61,2.0,7.6
704,104,5,1,1,20.65,2.0,7.6
705,105,5,1,1,20.63,2.0,7.6
707,107,5,1,1,20.66,2.0,7.6
708,108,5,1,1,20.34,2.0,7.6
709,109,5,1,1,20.58,2.0,7.6
712,112,5,1,1,20.33,2.0,7.6
713,113,5,1,1,20.37,2.0,7.6
717,117,5,1,1,20.24,2.0,7.6
718,118,5,1,1,20.55,2.0,7.6
1200,0,10,1,2,20.86,3.6,9.3
1201,1,10,1,2,20.97,3.6,9.3
1202,2,10,1,2,20.950707070707075,3.6,9.3
1203,3,10,1,2,20.950707070707075,3.6,9.3
1207,7,10,1,2,20.8,3.6,9.3
1208,8,10,1,2,20.950707070707075,3.6,9.3
1209,9,10,1,2,20.950707070707075,3.6,9.3
1211,11,10,1,2,20.950707070707075,3.6,9.3
1212,12,10,1,2,20.950707070707075,3.6,9.3
1214,14,10,1,2,20.95,3.6,9.3
1218,18,10,1,2,20.950707070707075,3.6,9.3
1219,19,10,1,2,20.91,3.6,9.3
1220,20,10,1,2,21.04,3.6,9.3
1225,25,10,1,2,20.8,3.6,9.3
1227,27,10,1,2,21.01,3.6,9.3
1229,29,10,1,2,20.950707070707075,3.6,9.3
1230,30,10,1,2,21.09,3.6,9.3
1231,31,10,1,2,21.09,3.6,9.3
1233,33,10,1,2,20.79,3.6,9.3
1234,34,10,1,2,21.06,3.6,9.3
1236,36,10,1,2,21.03,3.6,9.3
1243,43,10,1,2,20.950707070707075,3.6,9.3
1245,45,10,1,2,20.87,3.6,9.3
1248,48,10,1,2,20.91,3.6,9.3
1250,50,10,1,2,20.78,3.6,9.3
1257,57,10,1,2,20.950707070707075,3.6,9.3
1258,58,10,1,2,20.87,3.6,9.3
1259,59,10,1,2,20.97,3.6,9.3
1261,61,10,1,2,20.82,3.6,9.3
1265,65,10,1,2,21.03,3.6,9.3
1269,69,10,1,2,20.92,3.6,9.3
1270,70,10,1,2,20.87,3.6,9.3
1272,72,10,1,2,20.85,3.6,9.3
1274,74,10,1,2,20.950707070707075,3.6,9.3
1275,75,10,1,2,20.950707070707075,3.6,9.3
1277,77,10,1,2,20.9,3.6,9.3
1278,78,10,1,2,20.76,3.6,9.3
1279,79,10,1,2,20.97,3.6,9.3
1285,85,10,1,2,21.0,3.6,9.3
1286,86,10,1,2,20.84,3.6,9.3
1287,87,10,1,2,20.98,3.6,9.3
1288,88,10,1,2,20.950707070707075,3.6,9.3
1289,89,10,1,2,21.01,3.6,9.3
1290,90,10,1,2,20.76,3.6,9.3
1294,94,10,1,2,20.84,3.6,9.3
1295,95,10,1,2,20.950707070707075,3.6,9.3
1298,98,10,1,2,20.79,3.6,9.3
1299,99,10,1,2,20.950707070707075,3.6,9.3
1300,100,10,1,2,20.950707070707075,3.6,9.3
1302,102,10,1,2,20.91,3.6,9.3
1303,103,10,1,2,20.86,3.6,9.3
1304,104,10,1,2,21.09,3.6,9.3
1305,105,10,1,2,20.78,3.6,9.3
1306,106,10,1,2,20.83,3.6,9.3
1308,108,10,1,2,20.950707070707075,3.6,9.3
1309,109,10,1,2,20.950707070707075,3.6,9.3
1310,110,10,1,2,21.05,3.6,9.3
1311,111,10,1,2,20.950707070707075,3.6,9.3
1316,116,10,1,2,20.950707070707075,3.6,9.3
1318,118,10,1,2,21.03,3.6,9.3
1319,119,10,1,2,20.950707070707075,3.6,9.3
1320,0,11,1,2,20.64,3.6,9.3
1321,1,11,1,2,20.464479166666667,3.6,9.3
1322,2,11,1,2,20.464479166666667,3.6,9.3
1323,3,11,1,2,20.45,3.6,9.3
1326,6,11,1,2,20.464479166666667,3.6,9.3
1327,7,11,1,2,20.464479166666667,3.6,9.3
1331,11,11,1,2,20.464479166666667,3.6,9.3
1332,12,11,1,2,20.464479166666667,3.6,9.3
1333,13,11,1,2,20.62,3.6,9.3
1335,15,11,1,2,20.464479166666667,3.6,9.3
1337,17,11,1,2,20.27,3.6,9.3
1338,18,11,1,2,20.464479166666667,3.6,9.3
1340,20,11,1,2,20.27,3.6,9.3
1345,25,11,1,2,20.64,3.6,9.3
1346,26,11,1,2,20.42,3.6,9.3
1348,28,11,1,2,20.52,3.6,9.3
1352,32,11,1,2,20.464479166666667,3.6,9.3
1353,33,11,1,2,20.56,3.6,9.3
1354,34,11,1,2,20.3,3.6,9.3
1355,35,11,1,2,20.37,3.6,9.3
1358,38,11,1,2,20.55,3.6,9.3
1360,40,11,1,2,20.464479166666667,3.6,9.3
1361,41,11,1,2,20.464479166666667,3.6,9.3
1366,46,11,1,2,20.37,3.6,9.3
1367,47,11,1,2,20.44,3.6,9.3
1370,50,11,1,2,20.31,3.6,9.3
1371,51,11,1,2,20.464479166666667,3.6,9.3
1372,52,11,1,2,20.64,3.6,9.3
1373,53,11,1,2,20.26,3.6,9.3
1377,57,11,1,2,20.45,3.6,9.3
1379,59,11,1,2,20.59,3.6,9.3
1381,61,11,1,2,20.36,3.6,9.3
1384,64,11,1,2,20.464479166666667,3.6,9.3
1387,67,11,1,2,20.62,3.6,9.3
1391,71,11,1,2,20.64,3.6,9.3
1392,72,11,1,2,20.464479166666667,3.6,9.3
1393,73,11,1,2,20.464479166666667,3.6,9.3
1394,74,11,1,2,20.64,3.6,9.3
1395,75,11,1,2,20.464479166666667,3.6,9.3
1396,76,11,1,2,20.37,3.6,9.3
1400,80,11,1,2,20.464479166666667,3.6,9.3
1404,84,11,1,2,20.64,3.6,9.3
1405,85,11,1,2,20.26,3.6,9.3
1407,87,11,1,2,20.464479166666667,3.6,9.3
1409,89,11,1,2,20.43,3.6,9.3
1415,95,11,1,2,20.48,3.6,9.3
1416,96,11,1,2,20.464479166666667,3.6,9.3
1417,97,11,1,2,20.51,3.6,9.3
1420,100,11,1,2,20.29,3.6,9.3
1421,101,11,1,2,20.44,3.6,9.3
1422,102,11,1,2,20.49,3.6,9.3
1423,103,11,1,2,20.46,3.6,9.3
1425,105,11,1,2,20.58,3.6,9.3
1426,106,11,1,2,20.464479166666667,3.6,9.3
1427,107,11,1,2,20.39,3.6,9.3
1429,109,11,1,2,20.56,3.6,9.3
1431,111,11,1,2,20.464479166666667,3.6,9.3
1432,112,11,1,2,20.464479166666667,3.6,9.3
1435,115,11,1,2,20.464479166666667,3.6,9.3
1436,116,11,1,2,20.43,3.6,9.3
1438,118,11,1,2,20.48,3.6,9.3
1439,119,11,1,2,20.464479166666667,3.6,9.3
1441,1,12,1,5,22.46,0.9,7.4
1442,2,12,1,5,21.6,0.9,7.4
1444,4,12,1,5,22.09,0.9,7.4
1445,5,12,1,5,22.52,0.9,7.4
1447,7,12,1,5,22.49,0.9,7.4
1448,8,12,1,5,22.48,0.9,7.4
1449,9,12,1,5,22.0,0.9,7.4
1453,13,12,1,5,22.06590909090909,0.9,7.4
1458,18,12,1,5,22.23,0.9,7.4
1461,21,12,1,5,22.52,0.9,7.4
1462,22,12,1,5,21.72,0.9,7.4
1468,28,12,1,5,22.26,0.9,7.4
1469,29,12,1,5,22.28,0.9,7.4
1470,30,12,1,5,22.52,0.9,7.4
1472,32,12,1,5,21.89,0.9,7.4
1473,33,12,1,5,21.78,0.9,7.4
1474,34,12,1,5,22.43,0.9,7.4
1475,35,12,1,5,22.16,0.9,7.4
1479,39,12,1,5,22.31,0.9,7.4
1484,44,12,1,5,22.12,0.9,7.4
1485,45,12,1,5,22.02,0.9,7.4
1489,49,12,1,5,21.96,0.9,7.4
1490,50,12,1,5,22.03,0.9,7.4
1491,51,12,1,5,22.48,0.9,7.4
1492,52,12,1,5,22.17,0.9,7.4
1493,53,12,1,5,21.67,0.9,7.4
1494,54,12,1,5,22.06590909090909,0.9,7.4
1497,57,12,1,5,22.33,0.9,7.4
1498,58,12,1,5,21.96,0.9,7.4
1499,59,12,1,5,21.63,0.9,7.4
1501,61,12,1,5,22.13,0.9,7.4
1502,62,12,1,5,22.5,0.9,7.4
1503,63,12,1,5,22.17,0.9,7.4
1504,64,12,1,5,22.08,0.9,7.4
1505,65,12,1,5,22.47,0.9,7.4
1510,70,12,1,5,22.06590909090909,0.9,7.4
1512,72,12,1,5,22.24,0.9,7.4
1516,76,12,1,5,22.06590909090909,0.9,7.4
1517,77,12,1,5,22.12,0.9,7.4
1518,78,12,1,5,22.06590909090909,0.9,7.4
1519,79,12,1,5,21.65,0.9,7.4
1522,82,12,1,5,22.06590909090909,0.9,7.4
1523,83,12,1,5,21.88,0.9,7.4
1524,84,12,1,5,22.33,0.9,7.4
1525,85,12,1,5,22.06590909090909,0.9,7.4
1530,90,12,1,5,21.67,0.9,7.4
1531,91,12,1,5,22.06590909090909,0.9,7.4
1533,93,12,1,5,22.3,0.9,7.4
1534,94,12,1,5,22.26,0.9,7.4
1535,95,12,1,5,22.31,0.9,7.4
1537,97,12,1,5,22.37,0.9,7.4
1538,98,12,1,5,22.26,0.9,7.4
1545,105,12,1,5,22.28,0.9,7.4
1546,106,12,1,5,22.06590909090909,0.9,7.4
1548,108,12,1,5,22.06,0.9,7.4
1549,109,12,1,5,21.85,0.9,7.4
1550,110,12,1,5,22.32,0.9,7.4
1552,112,12,1,5,22.5,0.9,7.4
1553,113,12,1,5,22.33,0.9,7.4
1556,116,12,1,5,22.34,0.9,7.4
1557,117,12,1,5,22.06590909090909,0.9,7.4
1558,118,12,1,5,22.32,0.9,7.4
1681,1,14,1,2,20.29,3.9,8.6
1682,2,14,1,2,20.47,3.9,8.6
1684,4,14,1,2,20.48188118811881,3.9,8.6
1686,6,14,1,2,20.5,3.9,8.6
1693,13,14,1,2,20.48188118811881,3.9,8.6
1695,15,14,1,2,20.48188118811881,3.9,8.6
1697,17,14,1,2,20.39,3.9,8.6
1698,18,14,1,2,20.34,3.9,8.6
1699,19,14,1,2,20.32,3.9,8.6
1701,21,14,1,2,20.66,3.9,8.6
1702,22,14,1,2,20.59,3.9,8.6
1713,33,14,1,2,20.34,3.9,8.6
1715,35,14,1,2,20.37,3.9,8.6
1717,37,14,1,2,20.48188118811881,3.9,8.6
1719,39,14,1,2,20.61,3.9,8.6
1720,40,14,1,2,20.48188118811881,3.9,8.6
1721,41,14,1,2,20.48188118811881,3.9,8.6
1722,42,14,1,2,20.63,3.9,8.6
1727,47,14,1,2,20.48188118811881,3.9,8.6
1728,48,14,1,2,20.58,3.9,8.6
1729,49,14,1,2,20.48188118811881,3.9,8.6
1732,52,14,1,2,20.43,3.9,8.6
1734,54,14,1,2,20.49,3.9,8.6
1735,55,14,1,2,20.5,3.9,8.6
1738,58,14,1,2,20.66,3.9,8.6
1740,60,14,1,2,20.53,3.9,8.6
1742,62,14,1,2,20.55,3.9,8.6
1744,64,14,1,2,20.5,3.9,8.6
1746,66,14,1,2,20.48188118811881,3.9,8.6
1747,67,14,1,2,20.34,3.9,8.6
1748,68,14,1,2,20.59,3.9,8.6
1753,73,14,1,2,20.48188118811881,3.9,8.6
1756,76,14,1,2,20.48188118811881,3.9,8.6
1757,77,14,1,2,20.43,3.9,8.6
1759,79,14,1,2,20.48188118811881,3.9,8.6
1761,81,14,1,2,20.49,3.9,8.6
1762,82,14,1,2,20.64,3.9,8.6
1763,83,14,1,2,20.66,3.9,8.6
1764,84,14,1,2,20.48188118811881,3.9,8.6
1765,85,14,1,2,20.48188118811881,3.9,8.6
1768,88,14,1,2,20.62,3.9,8.6
1769,89,14,1,2,20.41,3.9,8.6
1770,90,14,1,2,20.46,3.9,8.6
1771,91,14,1,2,20.48188118811881,3.9,8.6
1774,94,14,1,2,20.47,3.9,8.6
1775,95,14,1,2,20.6,3.9,8.6
1776,96,14,1,2,20.4,3.9,8.6
1778,98,14,1,2,20.61,3.9,8.6
1779,99,14,1,2,20.38,3.9,8.6
1783,103,14,1,2,20.38,3.9,8.6
1784,104,14,1,2,20.5,3.9,8.6
1785,105,14,1,2,20.48188118811881,3.9,8.6
1788,108,14,1,2,20.42,3.9,8.6
1789,109,14,1,2,20.39,3.9,8.6
1790,110,14,1,2,20.55,3.9,8.6
1792,112,14,1,2,20.48188118811881,3.9,8.6
1793,113,14,1,2,20.48188118811881,3.9,8.6
1795,115,14,1,2,20.4,3.9,8.6
1796,116,14,1,2,20.3,3.9,8.6
1798,118,14,1,2,20.37,3.9,8.6
1799,119,14,1,2,20.48188118811881,3.9,8.6
1800,0,15,1,1,22.39,2.2,9.1
1803,3,15,1,1,22.0372380952381,2.2,9.1
1805,5,15,1,1,22.29,2.2,9.1
1806,6,15,1,1,22.0372380952381,2.2,9.1
1809,9,15,1,1,22.42,2.2,9.1
1811,11,15,1,1,22.09,2.2,9.1
1814,14,15,1,1,22.45,2.2,9.1
1815,15,15,1,1,22.34,2.2,9.1
1816,16,15,1,1,22.35,2.2,9.1
1823,23,15,1,1,21.87,2.2,9.1
1824,24,15,1,1,22.0372380952381,2.2,9.1
1826,26,15,1,1,22.04,2.2,9.1
1827,27,15,1,1,22.31,2.2,9.1
1829,29,15,1,1,22.12,2.2,9.1
1834,34,15,1,1,22.33,2.2,9.1
1835,35,15,1,1,22.32,2.2,9.1
1836,36,15,1,1,21.99,2.2,9.1
1838,38,15,1,1,22.0372380952381,2.2,9.1
1839,39,15,1,1,22.43,2.2,9.1
1840,40,15,1,1,22.0372380952381,2.2,9.1
1841,41,15,1,1,22.0372380952381,2.2,9.1
1842,42,15,1,1,21.84,2.2,9.1
1843,43,15,1,1,22.0372380952381,2.2,9.1
1845,45,15,1,1,21.8,2.2,9.1
1846,46,15,1,1,22.0372380952381,2.2,9.1
1847,47,15,1,1,21.86,2.2,9.1
1848,48,15,1,1,22.17,2.2,9.1
1857,57,15,1,1,22.18,2.2,9.1
1858,58,15,1,1,22.26,2.2,9.1
1860,60,15,1,1,22.3,2.2,9.1
1861,61,15,1,1,21.89,2.2,9.1
1862,62,15,1,1,22.33,2.2,9.1
1863,63,15,1,1,22.21,2.2,9.1
1864,64,15,1,1,22.14,2.2,9.1
1867,67,15,1,1,22.2,2.2,9.1
1868,68,15,1,1,22.22,2.2,9.1
1869,69,15,1,1,22.19,2.2,9.1
1870,70,15,1,1,21.86,2.2,9.1
1871,71,15,1,1,22.07,2.2,9.1
1872,72,15,1,1,22.2,2.2,9.1
1875,75,15,1,1,21.99,2.2,9.1
1876,76,15,1,1,22.33,2.2,9.1
1883,83,15,1,1,21.89,2.2,9.1
1884,84,15,1,1,21.96,2.2,9.1
1887,87,15,1,1,22.34,2.2,9.1
1888,88,15,1,1,21.83,2.2,9.1
1890,90,15,1,1,22.12,2.2,9.1
1892,92,15,1,1,22.0372380952381,2.2,9.1
1894,94,15,1,1,22.3,2.2,9.1
1896,96,15,1,1,22.45,2.2,9.1
1897,97,15,1,1,22.0372380952381,2.2,9.1
1899,99,15,1,1,22.0,2.2,9.1
1902,102,15,1,1,22.0372380952381,2.2,9.1
1903,103,15,1,1,22.0372380952381,2.2,9.1
1904,104,15,1,1,22.0372380952381,2.2,9.1
1907,107,15,1,1,22.0372380952381,2.2,9.1
1908,108,15,1,1,21.83,2.2,9.1
1910,110,15,1,1,21.9,2.2,9.1
1913,113,15,1,1,21.82,2.2,9.1
1917,117,15,1,1,21.92,2.2,9.1
1918,118,15,1,1,22.0372380952381,2.2,9.1
1920,0,16,1,1,21.4283495145631,2.4,9.3
1923,3,16,1,1,21.01,2.4,9.3
1925,5,16,1,1,21.12,2.4,9.3
1926,6,16,1,1,20.96,2.4,9.3
1927,7,16,1,1,21.62,2.4,9.3
1928,8,16,1,1,21.12,2.4,9.3
1929,9,16,1,1,21.4283495145631,2.4,9.3
1931,11,16,1,1,21.19,2.4,9.3
1932,12,16,1,1,21.4283495145631,2.4,9.3
1933,13,16,1,1,21.06,2.4,9.3
1936,16,16,1,1,21.29,2.4,9.3
1937,17,16,1,1,21.32,2.4,9.3
1938,18,16,1,1,20.98,2.4,9.3
1939,19,16,1,1,20.94,2.4,9.3
1940,20,16,1,1,21.08,2.4,9.3
1942,22,16,1,1,21.4283495145631,2.4,9.3
1943,23,16,1,1,21.4283495145631,2.4,9.3
1945,25,16,1,1,21.4283495145631,2.4,9.3
1948,28,16,1,1,21.02,2.4,9.3
1949,29,16,1,1,21.23,2.4,9.3
1950,30,16,1,1,20.98,2.4,9.3
1951,31,16,1,1,20.88,2.4,9.3
1953,33,16,1,1,20.96,2.4,9.3
1954,34,16,1,1,20.9,2.4,9.3
1959,39,16,1,1,21.4283495145631,2.4,9.3
1961,41,16,1,1,21.37,2.4,9.3
1964,44,16,1,1,21.01,2.4,9.3
1965,45,16,1,1,21.4283495145631,2.4,9.3
1968,48,16,1,1,20.95,2.4,9.3
1972,52,16,1,1,21.13,2.4,9.3
1975,55,16,1,1,21.4283495145631,2.4,9.3
1976,56,16,1,1,21.62,2.4,9.3
1980,60,16,1,1,20.87,2.4,9.3
1981,61,16,1,1,21.4283495145631,2.4,9.3
1984,64,16,1,1,21.24,2.4,9.3
1985,65,16,1,1,20.87,2.4,9.3
1986,66,16,1,1,21.4283495145631,2.4,9.3
1987,67,16,1,1,21.4283495145631,2.4,9.3
1989,69,16,1,1,20.89,2.4,9.3
1994,74,16,1,1,21.3,2.4,9.3
1995,75,16,1,1,21.1,2.4,9.3
1997,77,16,1,1,20.88,2.4,9.3
1998,78,16,1,1,21.27,2.4,9.3
1999,79,16,1,1,21.07,2.4,9.3
2001,81,16,1,1,21.54,2.4,9.3
2002,82,16,1,1,21.4283495145631,2.4,9.3
2003,83,16,1,1,21.1,2.4,9.3
2004,84,16,1,1,20.87,2.4,9.3
2008,88,16,1,1,21.11,2.4,9.3
2009,89,16,1,1,21.4283495145631,2.4,9.3
2011,91,16,1,1,20.94,2.4,9.3
2012,92,16,1,1,21.4283495145631,2.4,9.3
2014,94,16,1,1,21.4283495145631,2.4,9.3
2015,95,16,1,1,21.15,2.4,9.3
2019,99,16,1,1,21.23,2.4,9.3
2021,101,16,1,1,21.4283495145631,2.4,9.3
2024,104,16,1,1,21.53,2.4,9.3
2026,106,16,1,1,20.96,2.4,9.3
2029,109,16,1,1,21.54,2.4,9.3
2032,112,16,1,1,20.96,2.4,9.3
2034,114,16,1,1,21.5,2.4,9.3
2042,2,17,1,6,20.46831775700934,3.6,7.2
2043,3,17,1,6,20.33,3.6,7.2
2044,4,17,1,6,20.6,3.6,7.2
2047,7,17,1,6,20.56,3.6,7.2
2048,8,17,1,6,20.52,3.6,7.2
2050,10,17,1,6,20.24,3.6,7.2
2051,11,17,1,6,20.26,3.6,7.2
2053,13,17,1,6,20.4,3.6,7.2
2055,15,17,1,6,20.63,3.6,7.2
2056,16,17,1,6,20.68,3.6,7.2
2057,17,17,1,6,20.68,3.6,7.2
2058,18,17,1,6,20.37,3.6,7.2
2061,21,17,1,6,20.49,3.6,7.2
2062,22,17,1,6,20.63,3.6,7.2
2063,23,17,1,6,20.51,3.6,7.2
2064,24,17,1,6,20.46831775700934,3.6,7.2
2065,25,17,1,6,20.52,3.6,7.2
2066,26,17,1,6,20.53,3.6,7.2
2069,29,17,1,6,20.46831775700934,3.6,7.2
2070,30,17,1,6,20.34,3.6,7.2
2072,32,17,1,6,20.46831775700934,3.6,7.2
2074,34,17,1,6,20.36,3.6,7.2
2076,36,17,1,6,20.43,3.6,7.2
2085,45,17,1,6,20.28,3.6,7.2
2086,46,17,1,6,20.35,3.6,7.2
2090,50,17,1,6,20.31,3.6,7.2
2095,55,17,1,6,20.46831775700934,3.6,7.2
2097,57,17,1,6,20.48,3.6,7.2
2099,59,17,1,6,20.6,3.6,7.2
2105,65,17,1,6,20.24,3.6,7.2
2106,66,17,1,6,20.46831775700934,3.6,7.2
2107,67,17,1,6,20.47,3.6,7.2
2109,69,17,1,6,20.33,3.6,7.2
2110,70,17,1,6,20.32,3.6,7.2
2113,73,17,1,6,20.34,3.6,7.2
2114,74,17,1,6,20.61,3.6,7.2
2115,75,17,1,6,20.29,3.6,7.2
2116,76,17,1,6,20.67,3.6,7.2
2119,79,17,1,6,20.65,3.6,7.2
2122,82,17,1,6,20.51,3.6,7.2
2124,84,17,1,6,20.42,3.6,7.2
2125,85,17,1,6,20.4,3.6,7.2
2127,87,17,1,6,20.26,3.6,7.2
2131,91,17,1,6,20.46831775700934,3.6,7.2
2134,94,17,1,6,20.46831775700934,3.6,7.2
2135,95,17,1,6,20.31,3.6,7.2
2136,96,17,1,6,20.36,3.6,7.2
2137,97,17,1,6,20.24,3.6,7.2
2138,98,17,1,6,20.63,3.6,7.2
2139,99,17,1,6,20.46831775700934,3.6,7.2
2141,101,17,1,6,20.46831775700934,3.6,7.2
2142,102,17,1,6,20.46831775700934,3.6,7.2
2144,104,17,1,6,20.37,3.6,7.2
2145,105,17,1,6,20.3,3.6,7.2
2146,106,17,1,6,20.46,3.6,7.2
2148,108,17,1,6,20.36,3.6,7.2
2149,109,17,1,6,20.24,3.6,7.2
2150,110,17,1,6,20.35,3.6,7.2
2153,113,17,1,6,20.46831775700934,3.6,7.2
2156,116,17,1,6,20.42,3.6,7.2
2157,117,17,1,6,20.46831775700934,3.6,7.2
2158,118,17,1,6,20.49,3.6,7.2
2159,119,17,1,6,20.62,3.6,7.2
2400,0,20,2,4,21.86,8.6,8.2
2407,7,20,2,4,22.09,8.6,8.2
2409,9,20,2,4,22.04,8.6,8.2
2410,10,20,2,4,21.8,8.6,8.2
2411,11,20,2,4,21.78,8.6,8.2
2416,16,20,2,4,21.96,8.6,8.2
2418,18,20,2,4,21.86,8.6,8.2
2419,19,20,2,4,22.1,8.6,8.2
2420,20,20,2,4,22.1,8.6,8.2
2422,22,20,2,4,21.97730769230769,8.6,8.2
2423,23,20,2,4,22.08,8.6,8.2
2426,26,20,2,4,21.97730769230769,8.6,8.2
2427,27,20,2,4,21.92,8.6,8.2
2428,28,20,2,4,21.94,8.6,8.2
2431,31,20,2,4,21.97730769230769,8.6,8.2
2432,32,20,2,4,21.89,8.6,8.2
2436,36,20,2,4,21.97730769230769,8.6,8.2
2437,37,20,2,4,21.97730769230769,8.6,8.2
2438,38,20,2,4,21.95,8.6,8.2
2441,41,20,2,4,21.97730769230769,8.6,8.2
2442,42,20,2,4,21.97730769230769,8.6,8.2
2444,44,20,2,4,21.97730769230769,8.6,8.2
2445,45,20,2,4,22.02,8.6,8.2
2446,46,20,2,4,21.94,8.6,8.2
2448,48,20,2,4,21.79,8.6,8.2
2449,49,20,2,4,21.81,8.6,8.2
2450,50,20,2,4,22.01,8.6,8.2
2451,51,20,2,4,22.06,8.6,8.2
2453,53,20,2,4,21.97730769230769,8.6,8.2
2454,54,20,2,4,21.89,8.6,8.2
2455,55,20,2,4,21.97730769230769,8.6,8.2
2457,57,20,2,4,22.11,8.6,8.2
2458,58,20,2,4,21.96,8.6,8.2
2459,59,20,2,4,21.97730769230769,8.6,8.2
2460,60,20,2,4,21.78,8.6,8.2
2461,61,20,2,4,21.95,8.6,8.2
2462,62,20,2,4,21.95,8.6,8.2
2463,63,20,2,4,21.94,8.6,8.2
2465,65,20,2,4,21.97730769230769,8.6,8.2
2466,66,20,2,4,21.97730769230769,8.6,8.2
2468,68,20,2,4,22.04,8.6,8.2
2469,69,20,2,4,21.85,8.6,8.2
2470,70,20,2,4,21.94,8.6,8.2
2475,75,20,2,4,21.97,8.6,8.2
2478,78,20,2,4,21.96,8.6,8.2
2480,80,20,2,4,22.11,8.6,8.2
2481,81,20,2,4,21.79,8.6,8.2
2483,83,20,2,4,22.0,8.6,8.2
2484,84,20,2,4,21.97730769230769,8.6,8.2
2485,85,20,2,4,21.81,8.6,8.2
2490,90,20,2,4,21.97730769230769,8.6,8.2
2492,92,20,2,4,22.02,8.6,8.2
2495,95,20,2,4,21.77,8.6,8.2
2496,96,20,2,4,21.87,8.6,8.2
2498,98,20,2,4,22.08,8.6,8.2
2512,112,20,2,4,21.84,8.6,8.2
2514,114,20,2,4,22.06,8.6,8.2
2515,115,20,2,4,22.07,8.6,8.2
2517,117,20,2,4,21.88,8.6,8.2
2518,118,20,2,4,21.85,8.6,8.2
2519,119,20,2,4,21.97730769230769,8.6,8.2
2880,0,24,2,7,21.503773584905666,7.2,6.1
2882,2,24,2,7,21.28,7.2,6.1
2884,4,24,2,7,21.72,7.2,6.1
2885,5,24,2,7,21.47,7.2,6.1
2886,6,24,2,7,21.27,7.2,6.1
2887,7,24,2,7,21.29,7.2,6.1
2888,8,24,2,7,21.72,7.2,6.1
2890,10,24,2,7,21.42,7.2,6.1
2891,11,24,2,7,21.58,7.2,6.1
2892,12,24,2,7,21.503773584905666,7.2,6.1
2894,14,24,2,7,21.503773584905666,7.2,6.1
2897,17,24,2,7,21.51,7.2,6.1
2900,20,24,2,7,21.33,7.2,6.1
2901,21,24,2,7,21.5,7.2,6.1
2902,22,24,2,7,21.503773584905666,7.2,6.1
2904,24,24,2,7,21.52,7.2,6.1
2907,27,24,2,7,21.37,7.2,6.1
2908,28,24,2,7,21.72,7.2,6.1
2912,32,24,2,7,21.72,7.2,6.1
2914,34,24,2,7,21.36,7.2,6.1
2919,39,24,2,7,21.59,7.2,6.1
2920,40,24,2,7,21.33,7.2,6.1
2921,41,24,2,7,21.32,7.2,6.1
2922,42,24,2,7,21.34,7.2,6.1
2923,43,24,2,7,21.503773584905666,7.2,6.1
2926,46,24,2,7,21.503773584905666,7.2,6.1
2927,47,24,2,7,21.51,7.2,6.1
2931,51,24,2,7,21.503773584905666,7.2,6.1
2932,52,24,2,7,21.58,7.2,6.1
2937,57,24,2,7,21.53,7.2,6.1
2938,58,24,2,7,21.44,7.2,6.1
2939,59,24,2,7,21.58,7.2,6.1
2942,62,24,2,7,21.71,7.2,6.1
2944,64,24,2,7,21.45,7.2,6.1
2945,65,24,2,7,21.56,7.2,6.1
2946,66,24,2,7,21.32,7.2,6.1
2947,67,24,2,7,21.503773584905666,7.2,6.1
2953,73,24,2,7,21.503773584905666,7.2,6.1
2955,75,24,2,7,21.48,7.2,6.1
2957,77,24,2,7,21.503773584905666,7.2,6.1
2958,78,24,2,7,21.6,7.2,6.1
2963,83,24,2,7,21.29,7.2,6.1
2964,84,24,2,7,21.62,7.2,6.1
2965,85,24,2,7,21.27,7.2,6.1
2966,86,24,2,7,21.65,7.2,6.1
2967,87,24,2,7,21.503773584905666,7.2,6.1
2971,91,24,2,7,21.28,7.2,6.1
2972,92,24,2,7,21.5,7.2,6.1
2974,94,24,2,7,21.55,7.2,6.1
2976,96,24,2,7,21.53,7.2,6.1
2977,97,24,2,7,21.65,7.2,6.1
2979,99,24,2,7,21.503773584905666,7.2,6.1
2980,100,24,2,7,21.7,7.2,6.1
2982,102,24,2,7,21.503773584905666,7.2,6.1
2984,104,24,2,7,21.57,7.2,6.1
2988,108,24,2,7,21.75,7.2,6.1
2990,110,24,2,7,21.7,7.2,6.1
2991,111,24,2,7,21.503773584905666,7.2,6.1
2992,112,24,2,7,21.55,7.2,6.1
2997,117,24,2,7,21.47,7.2,6.1
2998,118,24,2,7,21.31,7.2,6.1
3123,3,26,2,8,22.06,8.4,5.9
3124,4,26,2,8,22.14,8.4,5.9
3125,5,26,2,8,22.11,8.4,5.9
3126,6,26,2,8,21.9,8.4,5.9
3132,12,26,2,8,22.01,8.4,5.9
3133,13,26,2,8,22.030370370370377,8.4,5.9
3134,14,26,2,8,21.9,8.4,5.9
3135,15,26,2,8,21.9,8.4,5.9
3136,16,26,2,8,21.87,8.4,5.9
3137,17,26,2,8,22.030370370370377,8.4,5.9
3141,21,26,2,8,22.0,8.4,5.9
3142,22,26,2,8,22.02,8.4,5.9
3143,23,26,2,8,21.85,8.4,5.9
3144,24,26,2,8,22.16,8.4,5.9
3145,25,26,2,8,22.030370370370377,8.4,5.9
3148,28,26,2,8,22.12,8.4,5.9
3149,29,26,2,8,21.87,8.4,5.9
3152,32,26,2,8,22.11,8.4,5.9
3153,33,26,2,8,22.14,8.4,5.9
3155,35,26,2,8,22.030370370370377,8.4,5.9
3156,36,26,2,8,22.15,8.4,5.9
3157,37,26,2,8,22.13,8.4,5.9
3161,41,26,2,8,22.030370370370377,8.4,5.9
3163,43,26,2,8,22.06,8.4,5.9
3164,44,26,2,8,22.0,8.4,5.9
3165,45,26,2,8,21.97,8.4,5.9
3172,52,26,2,8,22.030370370370377,8.4,5.9
3173,53,26,2,8,22.17,8.4,5.9
3178,58,26,2,8,22.030370370370377,8.4,5.9
3179,59,26,2,8,22.030370370370377,8.4,5.9
3182,62,26,2,8,22.01,8.4,5.9
3185,65,26,2,8,22.030370370370377,8.4,5.9
3186,66,26,2,8,22.08,8.4,5.9
3187,67,26,2,8,22.030370370370377,8.4,5.9
3192,72,26,2,8,21.88,8.4,5.9
3196,76,26,2,8,21.87,8.4,5.9
3197,77,26,2,8,22.1,8.4,5.9
3198,78,26,2,8,22.07,8.4,5.9
3199,79,26,2,8,22.17,8.4,5.9
3200,80,26,2,8,22.06,8.4,5.9
3203,83,26,2,8,22.05,8.4,5.9
3204,84,26,2,8,21.93,8.4,5.9
3205,85,26,2,8,22.06,8.4,5.9
3206,86,26,2,8,21.96,8.4,5.9
3207,87,26,2,8,22.05,8.4,5.9
3208,88,26,2,8,21.96,8.4,5.9
3212,92,26,2,8,22.02,8.4,5.9
3213,93,26,2,8,22.0,8.4,5.9
3215,95,26,2,8,22.030370370370377,8.4,5.9
3217,97,26,2,8,22.0,8.4,5.9
3220,100,26,2,8,21.97,8.4,5.9
3221,101,26,2,8,21.9,8.4,5.9
3227,107,26,2,8,21.85,8.4,5.9
3229,109,26,2,8,22.07,8.4,5.9
3231,111,26,2,8,22.030370370370377,8.4,5.9
3232,112,26,2,8,22.17,8.4,5.9
3233,113,26,2,8,21.85,8.4,5.9
3234,114,26,2,8,21.99,8.4,5.9
3236,116,26,2,8,21.86,8.4,5.9
3237,117,26,2,8,21.85,8.4,5.9
3238,118,26,2,8,22.09,8.4,5.9
3240,0,27,2,7,21.53611650485437,5.9,7.2
3241,1,27,2,7,21.53611650485437,5.9,7.2
3244,4,27,2,7,21.51,5.9,7.2
3245,5,27,2,7,21.53611650485437,5.9,7.2
3246,6,27,2,7,21.53611650485437,5.9,7.2
3249,9,27,2,7,21.65,5.9,7.2
3250,10,27,2,7,21.61,5.9,7.2
3254,14,27,2,7,21.51,5.9,7.2
3256,16,27,2,7,21.48,5.9,7.2
3260,20,27,2,7,21.53611650485437,5.9,7.2
3261,21,27,2,7,21.5,5.9,7.2
3264,24,27,2,7,21.53611650485437,5.9,7.2
3266,26,27,2,7,21.63,5.9,7.2
3270,30,27,2,7,21.5,5.9,7.2
3275,35,27,2,7,21.53611650485437,5.9,7.2
3276,36,27,2,7,21.53611650485437,5.9,7.2
3277,37,27,2,7,21.67,5.9,7.2
3280,40,27,2,7,21.58,5.9,7.2
3282,42,27,2,7,21.53611650485437,5.9,7.2
3284,44,27,2,7,21.53611650485437,5.9,7.2
3288,48,27,2,7,21.53611650485437,5.9,7.2
3289,49,27,2,7,21.41,5.9,7.2
3290,50,27,2,7,21.51,5.9,7.2
3291,51,27,2,7,21.53,5.9,7.2
3293,53,27,2,7,21.57,5.9,7.2
3294,54,27,2,7,21.66,5.9,7.2
3295,55,27,2,7,21.45,5.9,7.2
3296,56,27,2,7,21.53611650485437,5.9,7.2
3297,57,27,2,7,21.63,5.9,7.2
3299,59,27,2,7,21.57,5.9,7.2
3302,62,27,2,7,21.53611650485437,5.9,7.2
3303,63,27,2,7,21.5,5.9,7.2
3304,64,27,2,7,21.49,5.9,7.2
3305,65,27,2,7,21.55,5.9,7.2
3306,66,27,2,7,21.48,5.9,7.2
3309,69,27,2,7,21.46,5.9,7.2
3311,71,27,2,7,21.42,5.9,7.2
3312,72,27,2,7,21.47,5.9,7.2
3313,73,27,2,7,21.58,5.9,7.2
3314,74,27,2,7,21.61,5.9,7.2
3315,75,27,2,7,21.56,5.9,7.2
3316,76,27,2,7,21.53611650485437,5.9,7.2
3317,77,27,2,7,21.51,5.9,7.2
3318,78,27,2,7,21.49,5.9,7.2
3320,80,27,2,7,21.41,5.9,7.2
3321,81,27,2,7,21.53611650485437,5.9,7.2
3326,86,27,2,7,21.39,5.9,7.2
3327,87,27,2,7,21.67,5.9,7.2
3328,88,27,2,7,21.61,5.9,7.2
3332,92,27,2,7,21.53611650485437,5.9,7.2
3335,95,27,2,7,21.52,5.9,7.2
3336,96,27,2,7,21.59,5.9,7.2
3341,101,27,2,7,21.56,5.9,7.2
3343,103,27,2,7,21.53611650485437,5.9,7.2
3347,107,27,2,7,21.42,5.9,7.2
3350,110,27,2,7,21.39,5.9,7.2
3351,111,27,2,7,21.42,5.9,7.2
3353,113,27,2,7,21.51,5.9,7.2
3356,116,27,2,7,21.61,5.9,7.2
3357,117,27,2,7,21.65,5.9,7.2
3359,119,27,2,7,21.47,5.9,7.2
3364,4,28,2,8,23.12,7.6,7.4
3366,6,28,2,8,23.29,7.6,7.4
3368,8,28,2,8,23.51,7.6,7.4
3373,13,28,2,8,23.09,7.6,7.4
3376,16,28,2,8,23.24,7.6,7.4
3381,21,28,2,8,23.05,7.6,7.4
3383,23,28,2,8,23.67,7.6,7.4
3386,26,28,2,8,23.35,7.6,7.4
3395,35,28,2,8,23.07,7.6,7.4
3397,37,28,2,8,23.58,7.6,7.4
3399,39,28,2,8,23.37,7.6,7.4
3402,42,28,2,8,23.13,7.6,7.4
3403,43,28,2,8,23.55,7.6,7.4
3405,45,28,2,8,23.62,7.6,7.4
3406,46,28,2,8,23.44,7.6,7.4
3408,48,28,2,8,23.06,7.6,7.4
3410,50,28,2,8,23.156666666666663,7.6,7.4
3412,52,28,2,8,23.08,7.6,7.4
3413,53,28,2,8,23.12,7.6,7.4
3414,54,28,2,8,23.17,7.6,7.4
3415,55,28,2,8,23.65,7.6,7.4
3416,56,28,2,8,23.64,7.6,7.4
3417,57,28,2,8,23.156666666666663,7.6,7.4
3418,58,28,2,8,23.13,7.6,7.4
3420,60,28,2,8,23.03,7.6,7.4
3421,61,28,2,8,23.05,7.6,7.4
3422,62,28,2,8,22.84,7.6,7.4
3423,63,28,2,8,23.13,7.6,7.4
3424,64,28,2,8,23.32,7.6,7.4
3425,65,28,2,8,23.6,7.6,7.4
3426,66,28,2,8,22.94,7.6,7.4
3429,69,28,2,8,22.81,7.6,7.4
3430,70,28,2,8,23.39,7.6,7.4
3431,71,28,2,8,23.03,7.6,7.4
3437,77,28,2,8,23.02,7.6,7.4
3439,79,28,2,8,23.55,7.6,7.4
3440,80,28,2,8,23.17,7.6,7.4
3441,81,28,2,8,22.81,7.6,7.4
3442,82,28,2,8,23.25,7.6,7.4
3443,83,28,2,8,23.26,7.6,7.4
3444,84,28,2,8,23.16,7.6,7.4
3445,85,28,2,8,22.8,7.6,7.4
3448,88,28,2,8,23.06,7.6,7.4
3449,89,28,2,8,22.93,7.6,7.4
3451,91,28,2,8,23.6,7.6,7.4
3453,93,28,2,8,22.94,7.6,7.4
3454,94,28,2,8,23.31,7.6,7.4
3455,95,28,2,8,23.67,7.6,7.4
3457,97,28,2,8,23.66,7.6,7.4
3462,102,28,2,8,23.55,7.6,7.4
3463,103,28,2,8,23.28,7.6,7.4
3464,104,28,2,8,23.04,7.6,7.4
3465,105,28,2,8,23.62,7.6,7.4
3467,107,28,2,8,23.38,7.6,7.4
3468,108,28,2,8,23.04,7.6,7.4
3469,109,28,2,8,22.83,7.6,7.4
3471,111,28,2,8,23.156666666666663,7.6,7.4
3472,112,28,2,8,23.28,7.6,7.4
3477,117,28,2,8,23.32,7.6,7.4
3478,118,28,2,8,23.41,7.6,7.4
3479,119,28,2,8,23.41,7.6,7.4
3480,0,29,2,4,22.19,8.0,7.8
3482,2,29,2,4,21.86,8.0,7.8
3483,3,29,2,4,22.03,8.0,7.8
3484,4,29,2,4,22.13,8.0,7.8
3485,5,29,2,4,21.94,8.0,7.8
3487,7,29,2,4,21.76,8.0,7.8
3489,9,29,2,4,22.14,8.0,7.8
3491,11,29,2,4,21.78,8.0,7.8
3492,12,29,2,4,21.9,8.0,7.8
3494,14,29,2,4,21.85,8.0,7.8
3496,16,29,2,4,21.91,8.0,7.8
3499,19,29,2,4,22.02,8.0,7.8
3500,20,29,2,4,21.91,8.0,7.8
3501,21,29,2,4,21.76,8.0,7.8
3507,27,29,2,4,22.15,8.0,7.8
3509,29,29,2,4,22.17,8.0,7.8
3510,30,29,2,4,21.8,8.0,7.8
3511,31,29,2,4,21.9,8.0,7.8
3513,33,29,2,4,21.87,8.0,7.8
3515,35,29,2,4,21.85,8.0,7.8
3516,36,29,2,4,21.95,8.0,7.8
3517,37,29,2,4,22.02,8.0,7.8
3519,39,29,2,4,22.02,8.0,7.8
3521,41,29,2,4,21.93,8.0,7.8
3522,42,29,2,4,22.17,8.0,7.8
3525,45,29,2,4,21.82,8.0,7.8
3526,46,29,2,4,21.8,8.0,7.8
3529,49,29,2,4,22.19,8.0,7.8
3531,51,29,2,4,22.0,8.0,7.8
3532,52,29,2,4,21.84,8.0,7.8
3534,54,29,2,4,22.19,8.0,7.8
3535,55,29,2,4,22.15,8.0,7.8
3536,56,29,2,4,22.16,8.0,7.8
3537,57,29,2,4,22.13,8.0,7.8
3539,59,29,2,4,21.98,8.0,7.8
3540,60,29,2,4,21.79,8.0,7.8
3544,64,29,2,4,21.83,8.0,7.8
3546,66,29,2,4,22.06,8.0,7.8
3550,70,29,2,4,21.99,8.0,7.8
3551,71,29,2,4,21.77,8.0,7.8
3553,73,29,2,4,21.76,8.0,7.8
3556,76,29,2,4,22.14,8.0,7.8
3559,79,29,2,4,22.09,8.0,7.8
3560,80,29,2,4,21.78,8.0,7.8
3561,81,29,2,4,21.87,8.0,7.8
3562,82,29,2,4,21.76,8.0,7.8
3565,85,29,2,4,21.92,8.0,7.8
3566,86,29,2,4,21.88,8.0,7.8
3569,89,29,2,4,21.86,8.0,7.8
3571,91,29,2,4,22.16,8.0,7.8
3575,95,29,2,4,21.98,8.0,7.8
3576,96,29,2,4,22.17,8.0,7.8
3577,97,29,2,4,21.9,8.0,7.8
3582,102,29,2,4,22.17,8.0,7.8
3585,105,29,2,4,22.04,8.0,7.8
3586,106,29,2,4,21.93,8.0,7.8
3587,107,29,2,4,22.0,8.0,7.8
3588,108,29,2,4,22.1,8.0,7.8
3595,115,29,2,4,21.76,8.0,7.8
3596,116,29,2,4,22.15,8.0,7.8
3597,117,29,2,4,21.86,8.0,7.8
3598,118,29,2,4,21.89,8.0,7.8
3602,2,30,2,3,21.526481481481483,7.4,8.2
3605,5,30,2,3,21.59,7.4,8.2
3610,10,30,2,3,21.34,7.4,8.2
3613,13,30,2,3,21.33,7.4,8.2
3615,15,30,2,3,21.526481481481483,7.4,8.2
3616,16,30,2,3,21.526481481481483,7.4,8.2
3617,17,30,2,3,21.44,7.4,8.2
3619,19,30,2,3,21.5,7.4,8.2
3620,20,30,2,3,21.37,7.4,8.2
3621,21,30,2,3,21.526481481481483,7.4,8.2
3623,23,30,2,3,21.48,7.4,8.2
3626,26,30,2,3,21.526481481481483,7.4,8.2
3627,27,30,2,3,21.71,7.4,8.2
3628,28,30,2,3,21.44,7.4,8.2
3629,29,30,2,3,21.53,7.4,8.2
3630,30,30,2,3,21.64,7.4,8.2
3632,32,30,2,3,21.526481481481483,7.4,8.2
3635,35,30,2,3,21.74,7.4,8.2
3637,37,30,2,3,21.76,7.4,8.2
3638,38,30,2,3,21.52,7.4,8.2
3639,39,30,2,3,21.44,7.4,8.2
3641,41,30,2,3,21.32,7.4,8.2
3642,42,30,2,3,21.65,7.4,8.2
3644,44,30,2,3,21.41,7.4,8.2
3646,46,30,2,3,21.59,7.4,8.2
3650,50,30,2,3,21.65,7.4,8.2
3652,52,30,2,3,21.37,7.4,8.2
3654,54,30,2,3,21.77,7.4,8.2
3656,56,30,2,3,21.56,7.4,8.2
3658,58,30,2,3,21.5,7.4,8.2
3659,59,30,2,3,21.4,7.4,8.2
3661,61,30,2,3,21.52,7.4,8.2
3663,63,30,2,3,21.5,7.4,8.2
3664,64,30,2,3,21.51,7.4,8.2
3666,66,30,2,3,21.4,7.4,8.2
3667,67,30,2,3,21.526481481481483,7.4,8.2
3668,68,30,2,3,21.35,7.4,8.2
3669,69,30,2,3,21.75,7.4,8.2
3671,71,30,2,3,21.66,7.4,8.2
3672,72,30,2,3,21.526481481481483,7.4,8.2
3674,74,30,2,3,21.4,7.4,8.2
3677,77,30,2,3,21.4,7.4,8.2
3680,80,30,2,3,21.4,7.4,8.2
3683,83,30,2,3,21.77,7.4,8.2
3687,87,30,2,3,21.49,7.4,8.2
3689,89,30,2,3,21.526481481481483,7.4,8.2
3690,90,30,2,3,21.526481481481483,7.4,8.2
3692,92,30,2,3,21.56,7.4,8.2
3693,93,30,2,3,21.77,7.4,8.2
3694,94,30,2,3,21.526481481481483,7.4,8.2
3695,95,30,2,3,21.65,7.4,8.2
3699,99,30,2,3,21.66,7.4,8.2
3700,100,30,2,3,21.54,7.4,8.2
3703,103,30,2,3,21.526481481481483,7.4,8.2
3705,105,30,2,3,21.66,7.4,8.2
3708,108,30,2,3,21.53,7.4,8.2
3709,109,30,2,3,21.53,7.4,8.2
3710,110,30,2,3,21.56,7.4,8.2
3712,112,30,2,3,21.5,7.4,8.2
3714,114,30,2,3,21.52,7.4,8.2
3715,115,30,2,3,21.66,7.4,8.2
3719,119,30,2,3,21.72,7.4,8.2
4081,1,34,2,7,22.95,7.0,6.4
4083,3,34,2,7,22.9,7.0,6.4
4084,4,34,2,7,23.09,7.0,6.4
4085,5,34,2,7,23.41,7.0,6.4
4086,6,34,2,7,23.52,7.0,6.4
4088,8,34,2,7,23.28,7.0,6.4
4089,9,34,2,7,23.51,7.0,6.4
4091,11,34,2,7,23.09,7.0,6.4
4092,12,34,2,7,23.49,7.0,6.4
4095,15,34,2,7,23.41,7.0,6.4
4097,17,34,2,7,23.094122807017545,7.0,6.4
4098,18,34,2,7,23.58,7.0,6.4
4099,19,34,2,7,22.69,7.0,6.4
4100,20,34,2,7,23.094122807017545,7.0,6.4
4101,21,34,2,7,23.34,7.0,6.4
4102,22,34,2,7,23.26,7.0,6.4
4103,23,34,2,7,23.13,7.0,6.4
4108,28,34,2,7,23.46,7.0,6.4
4109,29,34,2,7,23.3,7.0,6.4
4110,30,34,2,7,23.03,7.0,6.4
4113,33,34,2,7,22.75,7.0,6.4
4115,35,34,2,7,23.46,7.0,6.4
4116,36,34,2,7,23.29,7.0,6.4
4117,37,34,2,7,22.78,7.0,6.4
4118,38,34,2,7,23.16,7.0,6.4
4120,40,34,2,7,23.14,7.0,6.4
4121,41,34,2,7,23.44,7.0,6.4
4126,46,34,2,7,22.72,7.0,6.4
4127,47,34,2,7,22.85,7.0,6.4
4129,49,34,2,7,23.06,7.0,6.4
4131,51,34,2,7,23.34,7.0,6.4
4133,53,34,2,7,23.52,7.0,6.4
4135,55,34,2,7,23.094122807017545,7.0,6.4
4137,57,34,2,7,23.41,7.0,6.4
4138,58,34,2,7,23.14,7.0,6.4
4141,61,34,2,7,23.094122807017545,7.0,6.4
4143,63,34,2,7,23.37,7.0,6.4
4146,66,34,2,7,23.04,7.0,6.4
4147,67,34,2,7,22.69,7.0,6.4
4149,69,34,2,7,23.03,7.0,6.4
4151,71,34,2,7,23.42,7.0,6.4
4153,73,34,2,7,22.73,7.0,6.4
4156,76,34,2,7,23.43,7.0,6.4
4157,77,34,2,7,22.96,7.0,6.4
4159,79,34,2,7,23.094122807017545,7.0,6.4
4163,83,34,2,7,22.97,7.0,6.4
4164,84,34,2,7,22.69,7.0,6.4
4165,85,34,2,7,23.05,7.0,6.4
4166,86,34,2,7,23.58,7.0,6.4
4170,90,34,2,7,23.29,7.0,6.4
4171,91,34,2,7,23.49,7.0,6.4
4172,92,34,2,7,22.98,7.0,6.4
4174,94,34,2,7,23.44,7.0,6.4
4176,96,34,2,7,23.58,7.0,6.4
4182,102,34,2,7,22.74,7.0,6.4
4184,104,34,2,7,23.094122807017545,7.0,6.4
4185,105,34,2,7,22.8,7.0,6.4
4188,108,34,2,7,23.46,7.0,6.4
4193,113,34,2,7,23.04,7.0,6.4
4194,114,34,2,7,23.32,7.0,6.4
4195,115,34,2,7,23.44,7.0,6.4
4197,117,34,2,7,23.18,7.0,6.4
4198,118,34,2,7,23.46,7.0,6.4
4320,0,36,2,3,21.510312499999998,5.7,8.6
4322,2,36,2,3,21.510312499999998,5.7,8.6
4323,3,36,2,3,21.62,5.7,8.6
4325,5,36,2,3,21.33,5.7,8.6
4327,7,36,2,3,21.43,5.7,8.6
4331,11,36,2,3,21.510312499999998,5.7,8.6
4332,12,36,2,3,21.66,5.7,8.6
4334,14,36,2,3,21.33,5.7,8.6
4335,15,36,2,3,21.510312499999998,5.7,8.6
4337,17,36,2,3,21.35,5.7,8.6
4338,18,36,2,3,21.510312499999998,5.7,8.6
4340,20,36,2,3,21.510312499999998,5.7,8.6
4341,21,36,2,3,21.510312499999998,5.7,8.6
4342,22,36,2,3,21.62,5.7,8.6
4346,26,36,2,3,21.510312499999998,5.7,8.6
4347,27,36,2,3,21.510312499999998,5.7,8.6
4348,28,36,2,3,21.51,5.7,8.6
4349,29,36,2,3,21.7,5.7,8.6
4351,31,36,2,3,21.58,5.7,8.6
4352,32,36,2,3,21.510312499999998,5.7,8.6
4353,33,36,2,3,21.510312499999998,5.7,8.6
4354,34,36,2,3,21.48,5.7,8.6
4356,36,36,2,3,21.510312499999998,5.7,8.6
4358,38,36,2,3,21.43,5.7,8.6
4360,40,36,2,3,21.6,5.7,8.6
4361,41,36,2,3,21.59,5.7,8.6
4362,42,36,2,3,21.45,5.7,8.6
4363,43,36,2,3,21.7,5.7,8.6
4364,44,36,2,3,21.55,5.7,8.6
4365,45,36,2,3,21.4,5.7,8.6
4367,47,36,2,3,21.510312499999998,5.7,8.6
4369,49,36,2,3,21.6,5.7,8.6
4370,50,36,2,3,21.59,5.7,8.6
4372,52,36,2,3,21.47,5.7,8.6
4373,53,36,2,3,21.5,5.7,8.6
4374,54,36,2,3,21.510312499999998,5.7,8.6
4376,56,36,2,3,21.7,5.7,8.6
4377,57,36,2,3,21.41,5.7,8.6
4378,58,36,2,3,21.510312499999998,5.7,8.6
4379,59,36,2,3,21.510312499999998,5.7,8.6
4380,60,36,2,3,21.510312499999998,5.7,8.6
4383,63,36,2,3,21.58,5.7,8.6
4386,66,36,2,3,21.69,5.7,8.6
4388,68,36,2,3,21.48,5.7,8.6
4390,70,36,2,3,21.64,5.7,8.6
4395,75,36,2,3,21.58,5.7,8.6
4400,80,36,2,3,21.510312499999998,5.7,8.6
4405,85,36,2,3,21.66,5.7,8.6
4409,89,36,2,3,21.510312499999998,5.7,8.6
4415,95,36,2,3,21.510312499999998,5.7,8.6
4419,99,36,2,3,21.33,5.7,8.6
4420,100,36,2,3,21.44,5.7,8.6
4421,101,36,2,3,21.510312499999998,5.7,8.6
4422,102,36,2,3,21.510312499999998,5.7,8.6
4423,103,36,2,3,21.510312499999998,5.7,8.6
4424,104,36,2,3,21.510312499999998,5.7,8.6
4426,106,36,2,3,21.6,5.7,8.6
4430,110,36,2,3,21.61,5.7,8.6
4434,114,36,2,3,21.37,5.7,8.6
4435,115,36,2,3,21.66,5.7,8.6
4438,118,36,2,3,21.36,5.7,8.6
4439,119,36,2,3,21.4,5.7,8.6
4681,1,39,3,13,22.87,2.0,1.6
4682,2,39,3,13,22.84,2.0,1.6
4684,4,39,3,13,22.78,2.0,1.6
4685,5,39,3,13,22.88,2.0,1.6
4690,10,39,3,13,23.03,2.0,1.6
4696,16,39,3,13,22.77,2.0,1.6
4698,18,39,3,13,22.9,2.0,1.6
4699,19,39,3,13,23.03,2.0,1.6
4701,21,39,3,13,23.06,2.0,1.6
4704,24,39,3,13,22.88,2.0,1.6
4707,27,39,3,13,22.975614035087716,2.0,1.6
4712,32,39,3,13,23.09,2.0,1.6
4713,33,39,3,13,23.12,2.0,1.6
4714,34,39,3,13,23.12,2.0,1.6
4715,35,39,3,13,22.98,2.0,1.6
4717,37,39,3,13,22.89,2.0,1.6
4720,40,39,3,13,22.77,2.0,1.6
4721,41,39,3,13,23.06,2.0,1.6
4722,42,39,3,13,22.975614035087716,2.0,1.6
4724,44,39,3,13,23.07,2.0,1.6
4727,47,39,3,13,22.94,2.0,1.6
4728,48,39,3,13,23.11,2.0,1.6
4729,49,39,3,13,22.96,2.0,1.6
4731,51,39,3,13,22.79,2.0,1.6
4733,53,39,3,13,22.92,2.0,1.6
4736,56,39,3,13,22.89,2.0,1.6
4740,60,39,3,13,22.98,2.0,1.6
4741,61,39,3,13,22.92,2.0,1.6
4743,63,39,3,13,23.08,2.0,1.6
4744,64,39,3,13,22.99,2.0,1.6
4747,67,39,3,13,23.07,2.0,1.6
4748,68,39,3,13,22.975614035087716,2.0,1.6
4749,69,39,3,13,22.975614035087716,2.0,1.6
4751,71,39,3,13,22.78,2.0,1.6
4753,73,39,3,13,22.99,2.0,1.6
4757,77,39,3,13,23.09,2.0,1.6
4760,80,39,3,13,23.04,2.0,1.6
4761,81,39,3,13,22.975614035087716,2.0,1.6
4763,83,39,3,13,23.09,2.0,1.6
4764,84,39,3,13,22.9,2.0,1.6
4767,87,39,3,13,23.07,2.0,1.6
4768,88,39,3,13,23.02,2.0,1.6
4769,89,39,3,13,22.975614035087716,2.0,1.6
4773,93,39,3,13,22.87,2.0,1.6
4775,95,39,3,13,23.1,2.0,1.6
4776,96,39,3,13,22.77,2.0,1.6
4778,98,39,3,13,22.99,2.0,1.6
4780,100,39,3,13,23.07,2.0,1.6
4782,102,39,3,13,23.08,2.0,1.6
4783,103,39,3,13,22.86,2.0,1.6
4786,106,39,3,13,22.99,2.0,1.6
4787,107,39,3,13,23.0,2.0,1.6
4789,109,39,3,13,23.07,2.0,1.6
4790,110,39,3,13,23.05,2.0,1.6
4792,112,39,3,13,22.89,2.0,1.6
4793,113,39,3,13,22.79,2.0,1.6
4794,114,39,3,13,23.11,2.0,1.6
4795,115,39,3,13,22.83,2.0,1.6
4796,116,39,3,13,22.81,2.0,1.6
4797,117,39,3,13,23.03,2.0,1.6
4799,119,39,3,13,22.89,2.0,1.6
4801,1,40,3,13,22.5,0.5,0.9
4802,2,40,3,13,22.59,0.5,0.9
4803,3,40,3,13,22.35,0.5,0.9
4804,4,40,3,13,22.43,0.5,0.9
4805,5,40,3,13,22.47,0.5,0.9
4809,9,40,3,13,22.4,0.5,0.9
4811,11,40,3,13,22.4,0.5,0.9
4812,12,40,3,13,22.61,0.5,0.9
4817,17,40,3,13,22.39,0.5,0.9
4818,18,40,3,13,22.69,0.5,0.9
4819,19,40,3,13,22.61,0.5,0.9
4820,20,40,3,13,22.54,0.5,0.9
4821,21,40,3,13,22.51,0.5,0.9
4822,22,40,3,13,22.46,0.5,0.9
4824,24,40,3,13,22.43,0.5,0.9
4827,27,40,3,13,22.51,0.5,0.9
4836,36,40,3,13,22.5,0.5,0.9
4838,38,40,3,13,22.63,0.5,0.9
4839,39,40,3,13,22.65,0.5,0.9
4840,40,40,3,13,22.35,0.5,0.9
4841,41,40,3,13,22.45,0.5,0.9
4845,45,40,3,13,22.58,0.5,0.9
4846,46,40,3,13,22.67,0.5,0.9
4847,47,40,3,13,22.62,0.5,0.9
4850,50,40,3,13,22.45,0.5,0.9
4853,53,40,3,13,22.521441441441446,0.5,0.9
4854,54,40,3,13,22.64,0.5,0.9
4856,56,40,3,13,22.5,0.5,0.9
4857,57,40,3,13,22.65,0.5,0.9
4858,58,40,3,13,22.521441441441446,0.5,0.9
4865,65,40,3,13,22.45,0.5,0.9
4866,66,40,3,13,22.67,0.5,0.9
4868,68,40,3,13,22.68,0.5,0.9
4869,69,40,3,13,22.53,0.5,0.9
4873,73,40,3,13,22.59,0.5,0.9
4874,74,40,3,13,22.52,0.5,0.9
4875,75,40,3,13,22.64,0.5,0.9
4877,77,40,3,13,22.521441441441446,0.5,0.9
4878,78,40,3,13,22.46,0.5,0.9
4879,79,40,3,13,22.36,0.5,0.9
4881,81,40,3,13,22.44,0.5,0.9
4883,83,40,3,13,22.39,0.5,0.9
4886,86,40,3,13,22.6,0.5,0.9
4889,89,40,3,13,22.63,0.5,0.9
4890,90,40,3,13,22.39,0.5,0.9
4891,91,40,3,13,22.59,0.5,0.9
4894,94,40,3,13,22.5,0.5,0.9
4896,96,40,3,13,22.7,0.5,0.9
4897,97,40,3,13,22.62,0.5,0.9
4899,99,40,3,13,22.35,0.5,0.9
4900,100,40,3,13,22.52,0.5,0.9
4906,106,40,3,13,22.521441441441446,0.5,0.9
4907,107,40,3,13,22.521441441441446,0.5,0.9
4911,111,40,3,13,22.521441441441446,0.5,0.9
4912,112,40,3,13,22.521441441441446,0.5,0.9
4913,113,40,3,13,22.521441441441446,0.5,0.9
4914,114,40,3,13,22.521441441441446,0.5,0.9
4915,115,40,3,13,22.63,0.5,0.9
4916,116,40,3,13,22.39,0.5,0.9
4917,117,40,3,13,22.48,0.5,0.9
4918,118,40,3,13,22.51,0.5,0.9
4919,119,40,3,13,22.71,0.5,0.9
4923,3,41,3,13,24.17,0.5,1.8
4925,5,41,3,13,24.24,0.5,1.8
4926,6,41,3,13,24.29,0.5,1.8
4928,8,41,3,13,24.03,0.5,1.8
4930,10,41,3,13,24.11,0.5,1.8
4931,11,41,3,13,24.22,0.5,1.8
4932,12,41,3,13,24.13542056074766,0.5,1.8
4933,13,41,3,13,24.25,0.5,1.8
4935,15,41,3,13,24.1,0.5,1.8
4937,17,41,3,13,24.48,0.5,1.8
4939,19,41,3,13,24.12,0.5,1.8
4941,21,41,3,13,24.61,0.5,1.8
4942,22,41,3,13,24.59,0.5,1.8
4944,24,41,3,13,23.85,0.5,1.8
4946,26,41,3,13,24.13542056074766,0.5,1.8
4949,29,41,3,13,24.09,0.5,1.8
4951,31,41,3,13,24.43,0.5,1.8
4952,32,41,3,13,24.13542056074766,0.5,1.8
4953,33,41,3,13,24.49,0.5,1.8
4954,34,41,3,13,24.56,0.5,1.8
4956,36,41,3,13,24.13542056074766,0.5,1.8
4961,41,41,3,13,24.13542056074766,0.5,1.8
4962,42,41,3,13,24.13542056074766,0.5,1.8
4967,47,41,3,13,24.13542056074766,0.5,1.8
4969,49,41,3,13,24.24,0.5,1.8
4973,53,41,3,13,24.22,0.5,1.8
4976,56,41,3,13,24.13542056074766,0.5,1.8
4977,57,41,3,13,24.53,0.5,1.8
4978,58,41,3,13,24.26,0.5,1.8
4982,62,41,3,13,24.0,0.5,1.8
4983,63,41,3,13,23.95,0.5,1.8
4984,64,41,3,13,24.45,0.5,1.8
4985,65,41,3,13,24.44,0.5,1.8
4987,67,41,3,13,24.15,0.5,1.8
4988,68,41,3,13,24.39,0.5,1.8
4990,70,41,3,13,24.5,0.5,1.8
4991,71,41,3,13,24.38,0.5,1.8
4992,72,41,3,13,24.06,0.5,1.8
4994,74,41,3,13,24.56,0.5,1.8
4995,75,41,3,13,24.09,0.5,1.8
4996,76,41,3,13,24.59,0.5,1.8
4998,78,41,3,13,24.12,0.5,1.8
5001,81,41,3,13,24.39,0.5,1.8
5002,82,41,3,13,23.95,0.5,1.8
5003,83,41,3,13,24.53,0.5,1.8
5004,84,41,3,13,23.89,0.5,1.8
5005,85,41,3,13,24.13542056074766,0.5,1.8
5009,89,41,3,13,24.13542056074766,0.5,1.8
5013,93,41,3,13,24.13542056074766,0.5,1.8
5015,95,41,3,13,24.13542056074766,0.5,1.8
5017,97,41,3,13,23.97,0.5,1.8
5019,99,41,3,13,24.04,0.5,1.8
5021,101,41,3,13,24.23,0.5,1.8
5022,102,41,3,13,24.13542056074766,0.5,1.8
5023,103,41,3,13,24.6,0.5,1.8
5028,108,41,3,13,24.14,0.5,1.8
5031,111,41,3,13,23.85,0.5,1.8
5033,113,41,3,13,24.05,0.5,1.8
5034,114,41,3,13,24.3,0.5,1.8
5035,115,41,3,13,24.58,0.5,1.8
5038,118,41,3,13,24.61,0.5,1.8
5041,1,42,3,13,23.29,2.4,0.9
5044,4,42,3,13,23.26,2.4,0.9
5046,6,42,3,13,23.23,2.4,0.9
5049,9,42,3,13,23.35,2.4,0.9
5051,11,42,3,13,22.92,2.4,0.9
5054,14,42,3,13,23.14,2.4,0.9
5055,15,42,3,13,23.02,2.4,0.9
5057,17,42,3,13,23.5,2.4,0.9
5058,18,42,3,13,23.34,2.4,0.9
5060,20,42,3,13,22.86,2.4,0.9
5061,21,42,3,13,23.2,2.4,0.9
5063,23,42,3,13,22.81,2.4,0.9
5066,26,42,3,13,22.97,2.4,0.9
5067,27,42,3,13,22.97,2.4,0.9
5069,29,42,3,13,23.39,2.4,0.9
5070,30,42,3,13,23.59,2.4,0.9
5071,31,42,3,13,23.06,2.4,0.9
5078,38,42,3,13,23.04,2.4,0.9
5083,43,42,3,13,23.23,2.4,0.9
5084,44,42,3,13,23.7,2.4,0.9
5085,45,42,3,13,23.44,2.4,0.9
5086,46,42,3,13,23.6,2.4,0.9
5088,48,42,3,13,22.94,2.4,0.9
5093,53,42,3,13,23.28,2.4,0.9
5094,54,42,3,13,23.36,2.4,0.9
5095,55,42,3,13,23.1,2.4,0.9
5097,57,42,3,13,22.86,2.4,0.9
5098,58,42,3,13,23.49,2.4,0.9
5099,59,42,3,13,22.88,2.4,0.9
5100,60,42,3,13,23.02,2.4,0.9
5101,61,42,3,13,22.84,2.4,0.9
5103,63,42,3,13,23.45,2.4,0.9
5104,64,42,3,13,23.7,2.4,0.9
5109,69,42,3,13,22.92,2.4,0.9
5110,70,42,3,13,22.94,2.4,0.9
5111,71,42,3,13,23.13,2.4,0.9
5113,73,42,3,13,23.68,2.4,0.9
5116,76,42,3,13,23.02,2.4,0.9
5117,77,42,3,13,23.55,2.4,0.9
5118,78,42,3,13,22.84,2.4,0.9
5119,79,42,3,13,23.08,2.4,0.9
5120,80,42,3,13,23.01,2.4,0.9
5122,82,42,3,13,23.05,2.4,0.9
5123,83,42,3,13,23.58,2.4,0.9
5124,84,42,3,13,23.02,2.4,0.9
5125,85,42,3,13,23.13,2.4,0.9
5126,86,42,3,13,23.4,2.4,0.9
5129,89,42,3,13,22.96,2.4,0.9
5133,93,42,3,13,23.01,2.4,0.9
5135,95,42,3,13,23.5,2.4,0.9
5139,99,42,3,13,22.98,2.4,0.9
5141,101,42,3,13,23.21,2.4,0.9
5143,103,42,3,13,23.11,2.4,0.9
5145,105,42,3,13,23.32,2.4,0.9
5147,107,42,3,13,22.84,2.4,0.9
5148,108,42,3,13,23.44,2.4,0.9
5150,110,42,3,13,23.62,2.4,0.9
5151,111,42,3,13,22.9,2.4,0.9
5154,114,42,3,13,23.68,2.4,0.9
5155,115,42,3,13,23.59,2.4,0.9
5157,117,42,3,13,23.2,2.4,0.9
5160,0,43,3,10,22.4688,3.6,4.1
5162,2,43,3,10,22.31,3.6,4.1
5163,3,43,3,10,22.53,3.6,4.1
5165,5,43,3,10,22.53,3.6,4.1
5166,6,43,3,10,22.4688,3.6,4.1
5168,8,43,3,10,22.42,3.6,4.1
5169,9,43,3,10,22.38,3.6,4.1
5170,10,43,3,10,22.52,3.6,4.1
5171,11,43,3,10,22.33,3.6,4.1
5172,12,43,3,10,22.4688,3.6,4.1
5180,20,43,3,10,22.44,3.6,4.1
5183,23,43,3,10,22.3,3.6,4.1
5185,25,43,3,10,22.34,3.6,4.1
5189,29,43,3,10,22.45,3.6,4.1
5190,30,43,3,10,22.4688,3.6,4.1
5191,31,43,3,10,22.61,3.6,4.1
5194,34,43,3,10,22.4688,3.6,4.1
5196,36,43,3,10,22.59,3.6,4.1
5197,37,43,3,10,22.4688,3.6,4.1
5199,39,43,3,10,22.7,3.6,4.1
5200,40,43,3,10,22.48,3.6,4.1
5204,44,43,3,10,22.3,3.6,4.1
5205,45,43,3,10,22.4,3.6,4.1
5206,46,43,3,10,22.31,3.6,4.1
5207,47,43,3,10,22.49,3.6,4.1
5208,48,43,3,10,22.34,3.6,4.1
5212,52,43,3,10,22.45,3.6,4.1
5214,54,43,3,10,22.4688,3.6,4.1
5215,55,43,3,10,22.4688,3.6,4.1
5216,56,43,3,10,22.67,3.6,4.1
5217,57,43,3,10,22.67,3.6,4.1
5219,59,43,3,10,22.4688,3.6,4.1
5220,60,43,3,10,22.42,3.6,4.1
5222,62,43,3,10,22.4688,3.6,4.1
5223,63,43,3,10,22.55,3.6,4.1
5224,64,43,3,10,22.5,3.6,4.1
5225,65,43,3,10,22.4688,3.6,4.1
5229,69,43,3,10,22.69,3.6,4.1
5232,72,43,3,10,22.7,3.6,4.1
5233,73,43,3,10,22.34,3.6,4.1
5237,77,43,3,10,22.44,3.6,4.1
5238,78,43,3,10,22.4688,3.6,4.1
5240,80,43,3,10,22.4688,3.6,4.1
5242,82,43,3,10,22.45,3.6,4.1
5243,83,43,3,10,22.37,3.6,4.1
5248,88,43,3,10,22.4688,3.6,4.1
5250,90,43,3,10,22.56,3.6,4.1
5251,91,43,3,10,22.4688,3.6,4.1
5253,93,43,3,10,22.54,3.6,4.1
5255,95,43,3,10,22.4688,3.6,4.1
5256,96,43,3,10,22.31,3.6,4.1
5257,97,43,3,10,22.32,3.6,4.1
5259,99,43,3,10,22.53,3.6,4.1
5260,100,43,3,10,22.4688,3.6,4.1
5265,105,43,3,10,22.42,3.6,4.1
5266,106,43,3,10,22.43,3.6,4.1
5267,107,43,3,10,22.4688,3.6,4.1
5270,110,43,3,10,22.4688,3.6,4.1
5271,111,43,3,10,22.3,3.6,4.1
5274,114,43,3,10,22.4688,3.6,4.1
5275,115,43,3,10,22.7,3.6,4.1
5278,118,43,3,10,22.49,3.6,4.1
5523,3,46,3,9,22.502162162162165,2.4,2.8
5525,5,46,3,9,22.48,2.4,2.8
5527,7,46,3,9,22.66,2.4,2.8
5528,8,46,3,9,22.48,2.4,2.8
5529,9,46,3,9,22.47,2.4,2.8
5530,10,46,3,9,22.39,2.4,2.8
5531,11,46,3,9,22.5,2.4,2.8
5532,12,46,3,9,22.502162162162165,2.4,2.8
5537,17,46,3,9,22.42,2.4,2.8
5538,18,46,3,9,22.5,2.4,2.8
5539,19,46,3,9,22.44,2.4,2.8
5540,20,46,3,9,22.47,2.4,2.8
5542,22,46,3,9,22.61,2.4,2.8
5543,23,46,3,9,22.35,2.4,2.8
5544,24,46,3,9,22.67,2.4,2.8
5545,25,46,3,9,22.46,2.4,2.8
5546,26,46,3,9,22.63,2.4,2.8
5547,27,46,3,9,22.54,2.4,2.8
5548,28,46,3,9,22.32,2.4,2.8
5549,29,46,3,9,22.36,2.4,2.8
5550,30,46,3,9,22.67,2.4,2.8
5551,31,46,3,9,22.41,2.4,2.8
5552,32,46,3,9,22.502162162162165,2.4,2.8
5553,33,46,3,9,22.43,2.4,2.8
5558,38,46,3,9,22.63,2.4,2.8
5565,45,46,3,9,22.47,2.4,2.8
5566,46,46,3,9,22.502162162162165,2.4,2.8
5568,48,46,3,9,22.51,2.4,2.8
5571,51,46,3,9,22.502162162162165,2.4,2.8
5572,52,46,3,9,22.47,2.4,2.8
5574,54,46,3,9,22.66,2.4,2.8
5577,57,46,3,9,22.49,2.4,2.8
5579,59,46,3,9,22.35,2.4,2.8
5580,60,46,3,9,22.49,2.4,2.8
5581,61,46,3,9,22.5,2.4,2.8
5582,62,46,3,9,22.33,2.4,2.8
5585,65,46,3,9,22.35,2.4,2.8
5588,68,46,3,9,22.62,2.4,2.8
5589,69,46,3,9,22.66,2.4,2.8
5591,71,46,3,9,22.66,2.4,2.8
5592,72,46,3,9,22.31,2.4,2.8
5593,73,46,3,9,22.61,2.4,2.8
5595,75,46,3,9,22.31,2.4,2.8
5596,76,46,3,9,22.502162162162165,2.4,2.8
5598,78,46,3,9,22.502162162162165,2.4,2.8
5599,79,46,3,9,22.67,2.4,2.8
5602,82,46,3,9,22.56,2.4,2.8
5604,84,46,3,9,22.34,2.4,2.8
5605,85,46,3,9,22.47,2.4,2.8
5607,87,46,3,9,22.42,2.4,2.8
5609,89,46,3,9,22.46,2.4,2.8
5612,92,46,3,9,22.69,2.4,2.8
5621,101,46,3,9,22.57,2.4,2.8
5623,103,46,3,9,22.55,2.4,2.8
5625,105,46,3,9,22.36,2.4,2.8
5627,107,46,3,9,22.6,2.4,2.8
5628,108,46,3,9,22.57,2.4,2.8
5630,110,46,3,9,22.7,2.4,2.8
5632,112,46,3,9,22.57,2.4,2.8
5636,116,46,3,9,22.502162162162165,2.4,2.8
5637,117,46,3,9,22.502162162162165,2.4,2.8
5760,0,48,3,9,23.1,1.8,4.3
5761,1,48,3,9,22.89,1.8,4.3
5762,2,48,3,9,22.89,1.8,4.3
5766,6,48,3,9,23.04,1.8,4.3
5767,7,48,3,9,23.07,1.8,4.3
5768,8,48,3,9,22.88,1.8,4.3
5769,9,48,3,9,23.2,1.8,4.3
5771,11,48,3,9,23.19,1.8,4.3
5776,16,48,3,9,22.84,1.8,4.3
5779,19,48,3,9,23.17,1.8,4.3
5781,21,48,3,9,22.84,1.8,4.3
5789,29,48,3,9,23.09,1.8,4.3
5790,30,48,3,9,23.01,1.8,4.3
5791,31,48,3,9,22.76,1.8,4.3
5793,33,48,3,9,22.86,1.8,4.3
5797,37,48,3,9,23.04,1.8,4.3
5798,38,48,3,9,23.03421052631579,1.8,4.3
5800,40,48,3,9,23.24,1.8,4.3
5801,41,48,3,9,22.76,1.8,4.3
5802,42,48,3,9,22.78,1.8,4.3
5803,43,48,3,9,23.19,1.8,4.3
5804,44,48,3,9,23.17,1.8,4.3
5805,45,48,3,9,23.0,1.8,4.3
5809,49,48,3,9,22.99,1.8,4.3
5811,51,48,3,9,22.94,1.8,4.3
5813,53,48,3,9,22.93,1.8,4.3
5816,56,48,3,9,22.98,1.8,4.3
5817,57,48,3,9,23.03421052631579,1.8,4.3
5818,58,48,3,9,22.94,1.8,4.3
5820,60,48,3,9,22.89,1.8,4.3
5821,61,48,3,9,23.21,1.8,4.3
5825,65,48,3,9,23.03421052631579,1.8,4.3
5828,68,48,3,9,23.13,1.8,4.3
5830,70,48,3,9,22.83,1.8,4.3
5834,74,48,3,9,23.18,1.8,4.3
5835,75,48,3,9,22.83,1.8,4.3
5836,76,48,3,9,22.85,1.8,4.3
5837,77,48,3,9,23.03421052631579,1.8,4.3
5842,82,48,3,9,23.03421052631579,1.8,4.3
5843,83,48,3,9,23.08,1.8,4.3
5844,84,48,3,9,22.94,1.8,4.3
5845,85,48,3,9,22.76,1.8,4.3
5847,87,48,3,9,22.85,1.8,4.3
5848,88,48,3,9,23.24,1.8,4.3
5849,89,48,3,9,23.03421052631579,1.8,4.3
5850,90,48,3,9,22.93,1.8,4.3
5854,94,48,3,9,22.94,1.8,4.3
5855,95,48,3,9,22.88,1.8,4.3
5856,96,48,3,9,23.18,1.8,4.3
5857,97,48,3,9,23.0,1.8,4.3
5858,98,48,3,9,23.0,1.8,4.3
5859,99,48,3,9,22.97,1.8,4.3
5863,103,48,3,9,22.95,1.8,4.3
5864,104,48,3,9,22.82,1.8,4.3
5866,106,48,3,9,23.19,1.8,4.3
5869,109,48,3,9,23.22,1.8,4.3
5872,112,48,3,9,22.79,1.8,4.3
5873,113,48,3,9,23.04,1.8,4.3
5876,116,48,3,9,22.85,1.8,4.3
5877,117,48,3,9,23.03,1.8,4.3
5879,119,48,3,9,22.77,1.8,4.3
5883,3,49,3,10,22.49957446808511,4.3,3.0
5884,4,49,3,10,22.38,4.3,3.0
5885,5,49,3,10,22.49957446808511,4.3,3.0
5886,6,49,3,10,22.49957446808511,4.3,3.0
5887,7,49,3,10,22.49957446808511,4.3,3.0
5890,10,49,3,10,22.49957446808511,4.3,3.0
5893,13,49,3,10,22.49957446808511,4.3,3.0
5896,16,49,3,10,22.51,4.3,3.0
5897,17,49,3,10,22.55,4.3,3.0
5900,20,49,3,10,22.49,4.3,3.0
5901,21,49,3,10,22.49957446808511,4.3,3.0
5902,22,49,3,10,22.49957446808511,4.3,3.0
5904,24,49,3,10,22.51,4.3,3.0
5906,26,49,3,10,22.57,4.3,3.0
5910,30,49,3,10,22.63,4.3,3.0
5917,37,49,3,10,22.47,4.3,3.0
5918,38,49,3,10,22.35,4.3,3.0
5920,40,49,3,10,22.48,4.3,3.0
5924,44,49,3,10,22.49957446808511,4.3,3.0
5925,45,49,3,10,22.47,4.3,3.0
5926,46,49,3,10,22.52,4.3,3.0
5927,47,49,3,10,22.62,4.3,3.0
5928,48,49,3,10,22.49957446808511,4.3,3.0
5929,49,49,3,10,22.49957446808511,4.3,3.0
5930,50,49,3,10,22.43,4.3,3.0
5932,52,49,3,10,22.63,4.3,3.0
5933,53,49,3,10,22.34,4.3,3.0
5934,54,49,3,10,22.46,4.3,3.0
5935,55,49,3,10,22.54,4.3,3.0
5939,59,49,3,10,22.54,4.3,3.0
5940,60,49,3,10,22.49957446808511,4.3,3.0
5941,61,49,3,10,22.49957446808511,4.3,3.0
5945,65,49,3,10,22.39,4.3,3.0
5946,66,49,3,10,22.61,4.3,3.0
5947,67,49,3,10,22.55,4.3,3.0
5948,68,49,3,10,22.49957446808511,4.3,3.0
5949,69,49,3,10,22.49957446808511,4.3,3.0
5952,72,49,3,10,22.39,4.3,3.0
5953,73,49,3,10,22.56,4.3,3.0
5954,74,49,3,10,22.49957446808511,4.3,3.0
5956,76,49,3,10,22.4,4.3,3.0
5957,77,49,3,10,22.49957446808511,4.3,3.0
5960,80,49,3,10,22.58,4.3,3.0
5961,81,49,3,10,22.46,4.3,3.0
5965,85,49,3,10,22.56,4.3,3.0
5966,86,49,3,10,22.46,4.3,3.0
5968,88,49,3,10,22.49957446808511,4.3,3.0
5969,89,49,3,10,22.62,4.3,3.0
5970,90,49,3,10,22.49957446808511,4.3,3.0
5971,91,49,3,10,22.49957446808511,4.3,3.0
5972,92,49,3,10,22.62,4.3,3.0
5975,95,49,3,10,22.49957446808511,4.3,3.0
5978,98,49,3,10,22.42,4.3,3.0
5982,102,49,3,10,22.49957446808511,4.3,3.0
5983,103,49,3,10,22.51,4.3,3.0
5987,107,49,3,10,22.47,4.3,3.0
5989,109,49,3,10,22.49957446808511,4.3,3.0
5993,113,49,3,10,22.49957446808511,4.3,3.0
5994,114,49,3,10,22.49957446808511,4.3,3.0
5995,115,49,3,10,22.49957446808511,4.3,3.0
5998,118,49,3,10,22.5,4.3,3.0
6120,0,51,3,14,23.15,4.5,0.7
6121,1,51,3,14,22.96,4.5,0.7
6122,2,51,3,14,23.02915789473684,4.5,0.7
6124,4,51,3,14,23.03,4.5,0.7
6126,6,51,3,14,23.02915789473684,4.5,0.7
6128,8,51,3,14,23.14,4.5,0.7
6129,9,51,3,14,22.87,4.5,0.7
6135,15,51,3,14,22.9,4.5,0.7
6139,19,51,3,14,23.02915789473684,4.5,0.7
6140,20,51,3,14,23.14,4.5,0.7
6141,21,51,3,14,23.02915789473684,4.5,0.7
6143,23,51,3,14,22.83,4.5,0.7
6144,24,51,3,14,22.86,4.5,0.7
6145,25,51,3,14,22.83,4.5,0.7
6146,26,51,3,14,23.02915789473684,4.5,0.7
6149,29,51,3,14,23.02915789473684,4.5,0.7
6152,32,51,3,14,22.84,4.5,0.7
6154,34,51,3,14,23.02915789473684,4.5,0.7
6155,35,51,3,14,22.83,4.5,0.7
6156,36,51,3,14,22.93,4.5,0.7
6159,39,51,3,14,23.02915789473684,4.5,0.7
6161,41,51,3,14,23.06,4.5,0.7
6165,45,51,3,14,22.98,4.5,0.7
6168,48,51,3,14,22.95,4.5,0.7
6173,53,51,3,14,23.13,4.5,0.7
6174,54,51,3,14,23.02915789473684,4.5,0.7
6177,57,51,3,14,23.02915789473684,4.5,0.7
6178,58,51,3,14,22.9,4.5,0.7
6180,60,51,3,14,23.0,4.5,0.7
6181,61,51,3,14,22.84,4.5,0.7
6183,63,51,3,14,23.02915789473684,4.5,0.7
6184,64,51,3,14,23.02,4.5,0.7
6185,65,51,3,14,23.02915789473684,4.5,0.7
6186,66,51,3,14,23.02915789473684,4.5,0.7
6187,67,51,3,14,23.02915789473684,4.5,0.7
6189,69,51,3,14,23.02915789473684,4.5,0.7
6194,74,51,3,14,23.02915789473684,4.5,0.7
6195,75,51,3,14,23.02915789473684,4.5,0.7
6197,77,51,3,14,22.9,4.5,0.7
6198,78,51,3,14,23.06,4.5,0.7
6199,79,51,3,14,22.98,4.5,0.7
6200,80,51,3,14,23.02915789473684,4.5,0.7
6201,81,51,3,14,23.02915789473684,4.5,0.7
6202,82,51,3,14,23.02915789473684,4.5,0.7
6206,86,51,3,14,23.05,4.5,0.7
6209,89,51,3,14,22.83,4.5,0.7
6214,94,51,3,14,23.12,4.5,0.7
6215,95,51,3,14,23.15,4.5,0.7
6219,99,51,3,14,23.11,4.5,0.7
6221,101,51,3,14,23.02915789473684,4.5,0.7
6222,102,51,3,14,23.02915789473684,4.5,0.7
6223,103,51,3,14,23.12,4.5,0.7
6225,105,51,3,14,22.83,4.5,0.7
6228,108,51,3,14,23.03,4.5,0.7
6230,110,51,3,14,23.1,4.5,0.7
6232,112,51,3,14,22.85,4.5,0.7
6233,113,51,3,14,22.98,4.5,0.7
6234,114,51,3,14,23.02915789473684,4.5,0.7
6235,115,51,3,14,23.02915789473684,4.5,0.7
6237,117,51,3,14,23.02915789473684,4.5,0.7
6239,119,51,3,14,23.08,4.5,0.7
6242,2,52,3,10,22.488073394495412,3.9,2.8
6243,3,52,3,10,22.28,3.9,2.8
6245,5,52,3,10,22.27,3.9,2.8
6246,6,52,3,10,22.72,3.9,2.8
6247,7,52,3,10,22.36,3.9,2.8
6248,8,52,3,10,22.69,3.9,2.8
6249,9,52,3,10,22.34,3.9,2.8
6251,11,52,3,10,22.72,3.9,2.8
6253,13,52,3,10,22.35,3.9,2.8
6255,15,52,3,10,22.66,3.9,2.8
6257,17,52,3,10,22.32,3.9,2.8
6260,20,52,3,10,22.68,3.9,2.8
6261,21,52,3,10,22.33,3.9,2.8
6262,22,52,3,10,22.26,3.9,2.8
6263,23,52,3,10,22.25,3.9,2.8
6264,24,52,3,10,22.35,3.9,2.8
6267,27,52,3,10,22.42,3.9,2.8
6269,29,52,3,10,22.488073394495412,3.9,2.8
6271,31,52,3,10,22.6,3.9,2.8
6274,34,52,3,10,22.62,3.9,2.8
6275,35,52,3,10,22.488073394495412,3.9,2.8
6280,40,52,3,10,22.71,3.9,2.8
6281,41,52,3,10,22.5,3.9,2.8
6282,42,52,3,10,22.66,3.9,2.8
6283,43,52,3,10,22.33,3.9,2.8
6284,44,52,3,10,22.488073394495412,3.9,2.8
6285,45,52,3,10,22.65,3.9,2.8
6288,48,52,3,10,22.5,3.9,2.8
6292,52,52,3,10,22.488073394495412,3.9,2.8
6294,54,52,3,10,22.37,3.9,2.8
6295,55,52,3,10,22.71,3.9,2.8
6297,57,52,3,10,22.36,3.9,2.8
6299,59,52,3,10,22.69,3.9,2.8
6300,60,52,3,10,22.71,3.9,2.8
6304,64,52,3,10,22.26,3.9,2.8
6309,69,52,3,10,22.57,3.9,2.8
6312,72,52,3,10,22.72,3.9,2.8
6315,75,52,3,10,22.68,3.9,2.8
6316,76,52,3,10,22.34,3.9,2.8
6318,78,52,3,10,22.488073394495412,3.9,2.8
6319,79,52,3,10,22.488073394495412,3.9,2.8
6320,80,52,3,10,22.32,3.9,2.8
6322,82,52,3,10,22.37,3.9,2.8
6324,84,52,3,10,22.42,3.9,2.8
6325,85,52,3,10,22.56,3.9,2.8
6327,87,52,3,10,22.39,3.9,2.8
6328,88,52,3,10,22.61,3.9,2.8
6329,89,52,3,10,22.41,3.9,2.8
6330,90,52,3,10,22.488073394495412,3.9,2.8
6333,93,52,3,10,22.67,3.9,2.8
6336,96,52,3,10,22.488073394495412,3.9,2.8
6339,99,52,3,10,22.72,3.9,2.8
6341,101,52,3,10,22.5,3.9,2.8
6342,102,52,3,10,22.68,3.9,2.8
6343,103,52,3,10,22.488073394495412,3.9,2.8
6345,105,52,3,10,22.28,3.9,2.8
6346,106,52,3,10,22.6,3.9,2.8
6349,109,52,3,10,22.68,3.9,2.8
6350,110,52,3,10,22.56,3.9,2.8
6355,115,52,3,10,22.488073394495412,3.9,2.8
6356,116,52,3,10,22.67,3.9,2.8
6359,119,52,3,10,22.62,3.9,2.8
6721,1,56,3,13,23.72,1.2,1.4
6722,2,56,3,13,24.26,1.2,1.4
6724,4,56,3,13,23.88,1.2,1.4
6727,7,56,3,13,24.06956140350877,1.2,1.4
6728,8,56,3,13,24.43,1.2,1.4
6730,10,56,3,13,24.62,1.2,1.4
6731,11,56,3,13,23.74,1.2,1.4
6733,13,56,3,13,24.56,1.2,1.4
6735,15,56,3,13,24.45,1.2,1.4
6736,16,56,3,13,24.3,1.2,1.4
6737,17,56,3,13,23.74,1.2,1.4
6740,20,56,3,13,24.06956140350877,1.2,1.4
6742,22,56,3,13,24.59,1.2,1.4
6743,23,56,3,13,24.12,1.2,1.4
6747,27,56,3,13,24.0,1.2,1.4
6749,29,56,3,13,23.93,1.2,1.4
6751,31,56,3,13,24.56,1.2,1.4
6752,32,56,3,13,23.74,1.2,1.4
6756,36,56,3,13,23.65,1.2,1.4
6757,37,56,3,13,24.06956140350877,1.2,1.4
6760,40,56,3,13,24.59,1.2,1.4
6761,41,56,3,13,23.66,1.2,1.4
6763,43,56,3,13,24.06956140350877,1.2,1.4
6767,47,56,3,13,23.64,1.2,1.4
6768,48,56,3,13,24.58,1.2,1.4
6773,53,56,3,13,24.55,1.2,1.4
6775,55,56,3,13,24.48,1.2,1.4
6777,57,56,3,13,23.63,1.2,1.4
6778,58,56,3,13,24.34,1.2,1.4
6779,59,56,3,13,24.08,1.2,1.4
6780,60,56,3,13,24.62,1.2,1.4
6781,61,56,3,13,24.49,1.2,1.4
6782,62,56,3,13,24.04,1.2,1.4
6783,63,56,3,13,24.35,1.2,1.4
6784,64,56,3,13,23.78,1.2,1.4
6786,66,56,3,13,24.07,1.2,1.4
6787,67,56,3,13,24.52,1.2,1.4
6789,69,56,3,13,23.67,1.2,1.4
6791,71,56,3,13,24.21,1.2,1.4
6792,72,56,3,13,24.06956140350877,1.2,1.4
6796,76,56,3,13,24.26,1.2,1.4
6797,77,56,3,13,23.88,1.2,1.4
6799,79,56,3,13,24.38,1.2,1.4
6800,80,56,3,13,23.99,1.2,1.4
6801,81,56,3,13,24.22,1.2,1.4
6803,83,56,3,13,24.42,1.2,1.4
6805,85,56,3,13,24.31,1.2,1.4
6806,86,56,3,13,24.17,1.2,1.4
6807,87,56,3,13,24.06956140350877,1.2,1.4
6810,90,56,3,13,24.31,1.2,1.4
6812,92,56,3,13,24.28,1.2,1.4
6818,98,56,3,13,24.11,1.2,1.4
6820,100,56,3,13,24.48,1.2,1.4
6822,102,56,3,13,24.02,1.2,1.4
6824,104,56,3,13,24.01,1.2,1.4
6830,110,56,3,13,24.62,1.2,1.4
6832,112,56,3,13,24.22,1.2,1.4
6833,113,56,3,13,24.36,1.2,1.4
6834,114,56,3,13,23.8,1.2,1.4
6836,116,56,3,13,23.92,1.2,1.4
6838,118,56,3,13,24.59,1.2,1.4
6961,1,58,4,11,22.93,6.8,4.3
6963,3,58,4,11,22.91,6.8,4.3
6964,4,58,4,11,23.07,6.8,4.3
6965,5,58,4,11,22.97,6.8,4.3
6967,7,58,4,11,23.07,6.8,4.3
6968,8,58,4,11,22.85,6.8,4.3
6969,9,58,4,11,23.13,6.8,4.3
6972,12,58,4,11,23.1,6.8,4.3
6973,13,58,4,11,23.01,6.8,4.3
6974,14,58,4,11,23.1,6.8,4.3
6975,15,58,4,11,22.94,6.8,4.3
6979,19,58,4,11,23.09,6.8,4.3
6980,20,58,4,11,22.9,6.8,4.3
6981,21,58,4,11,23.1,6.8,4.3
6987,27,58,4,11,22.88,6.8,4.3
6988,28,58,4,11,22.96,6.8,4.3
6993,33,58,4,11,22.97,6.8,4.3
6994,34,58,4,11,22.96,6.8,4.3
6995,35,58,4,11,23.03,6.8,4.3
6996,36,58,4,11,23.07,6.8,4.3
6998,38,58,4,11,23.17,6.8,4.3
7003,43,58,4,11,23.11,6.8,4.3
7004,44,58,4,11,23.02,6.8,4.3
7005,45,58,4,11,22.96,6.8,4.3
7006,46,58,4,11,22.98,6.8,4.3
7008,48,58,4,11,22.98,6.8,4.3
7010,50,58,4,11,23.01,6.8,4.3
7012,52,58,4,11,23.09,6.8,4.3
7013,53,58,4,11,22.94,6.8,4.3
7016,56,58,4,11,22.87,6.8,4.3
7018,58,58,4,11,22.86,6.8,4.3
7019,59,58,4,11,23.0,6.8,4.3
7020,60,58,4,11,23.16,6.8,4.3
7022,62,58,4,11,22.91,6.8,4.3
7024,64,58,4,11,22.89,6.8,4.3
7027,67,58,4,11,22.99,6.8,4.3
7028,68,58,4,11,22.86,6.8,4.3
7032,72,58,4,11,22.92,6.8,4.3
7035,75,58,4,11,23.01,6.8,4.3
7037,77,58,4,11,23.03,6.8,4.3
7038,78,58,4,11,23.02,6.8,4.3
7040,80,58,4,11,23.14,6.8,4.3
7041,81,58,4,11,23.019145299145297,6.8,4.3
7044,84,58,4,11,23.05,6.8,4.3
7050,90,58,4,11,23.17,6.8,4.3
7051,91,58,4,11,22.95,6.8,4.3
7058,98,58,4,11,23.019145299145297,6.8,4.3
7061,101,58,4,11,23.17,6.8,4.3
7062,102,58,4,11,22.91,6.8,4.3
7063,103,58,4,11,22.94,6.8,4.3
7065,105,58,4,11,22.96,6.8,4.3
7066,106,58,4,11,23.16,6.8,4.3
7067,107,58,4,11,22.96,6.8,4.3
7068,108,58,4,11,22.92,6.8,4.3
7069,109,58,4,11,22.93,6.8,4.3
7070,110,58,4,11,23.12,6.8,4.3
7071,111,58,4,11,22.9,6.8,4.3
7072,112,58,4,11,23.06,6.8,4.3
7074,114,58,4,11,23.019145299145297,6.8,4.3
7076,116,58,4,11,23.16,6.8,4.3
7077,117,58,4,11,22.88,6.8,4.3
7079,119,58,4,11,22.85,6.8,4.3
7082,2,59,4,15,22.455520833333328,6.8,1.6
7084,4,59,4,15,22.63,6.8,1.6
7089,9,59,4,15,22.29,6.8,1.6
7091,11,59,4,15,22.455520833333328,6.8,1.6
7092,12,59,4,15,22.24,6.8,1.6
7093,13,59,4,15,22.42,6.8,1.6
7095,15,59,4,15,22.36,6.8,1.6
7096,16,59,4,15,22.27,6.8,1.6
7100,20,59,4,15,22.455520833333328,6.8,1.6
7101,21,59,4,15,22.38,6.8,1.6
7102,22,59,4,15,22.455520833333328,6.8,1.6
7107,27,59,4,15,22.455520833333328,6.8,1.6
7108,28,59,4,15,22.24,6.8,1.6
7109,29,59,4,15,22.5,6.8,1.6
7113,33,59,4,15,22.46,6.8,1.6
7115,35,59,4,15,22.455520833333328,6.8,1.6
7116,36,59,4,15,22.3,6.8,1.6
7117,37,59,4,15,22.455520833333328,6.8,1.6
7118,38,59,4,15,22.34,6.8,1.6
7120,40,59,4,15,22.59,6.8,1.6
7123,43,59,4,15,22.61,6.8,1.6
7126,46,59,4,15,22.4,6.8,1.6
7127,47,59,4,15,22.46,6.8,1.6
7128,48,59,4,15,22.455520833333328,6.8,1.6
7130,50,59,4,15,22.61,6.8,1.6
7132,52,59,4,15,22.3,6.8,1.6
7134,54,59,4,15,22.455520833333328,6.8,1.6
7137,57,59,4,15,22.455520833333328,6.8,1.6
7138,58,59,4,15,22.455520833333328,6.8,1.6
7141,61,59,4,15,22.56,6.8,1.6
7143,63,59,4,15,22.455520833333328,6.8,1.6
7149,69,59,4,15,22.59,6.8,1.6
7151,71,59,4,15,22.39,6.8,1.6
7153,73,59,4,15,22.455520833333328,6.8,1.6
7154,74,59,4,15,22.455520833333328,6.8,1.6
7155,75,59,4,15,22.27,6.8,1.6
7156,76,59,4,15,22.57,6.8,1.6
7158,78,59,4,15,22.455520833333328,6.8,1.6
7160,80,59,4,15,22.48,6.8,1.6
7164,84,59,4,15,22.455520833333328,6.8,1.6
7165,85,59,4,15,22.455520833333328,6.8,1.6
7166,86,59,4,15,22.26,6.8,1.6
7169,89,59,4,15,22.44,6.8,1.6
7170,90,59,4,15,22.455520833333328,6.8,1.6
7172,92,59,4,15,22.455520833333328,6.8,1.6
7174,94,59,4,15,22.53,6.8,1.6
7176,96,59,4,15,22.455520833333328,6.8,1.6
7177,97,59,4,15,22.62,6.8,1.6
7178,98,59,4,15,22.455520833333328,6.8,1.6
7181,101,59,4,15,22.32,6.8,1.6
7182,102,59,4,15,22.31,6.8,1.6
7185,105,59,4,15,22.26,6.8,1.6
7186,106,59,4,15,22.455520833333328,6.8,1.6
7188,108,59,4,15,22.32,6.8,1.6
7190,110,59,4,15,22.38,6.8,1.6
7191,111,59,4,15,22.52,6.8,1.6
7192,112,59,4,15,22.455520833333328,6.8,1.6
7193,113,59,4,15,22.63,6.8,1.6
7194,114,59,4,15,22.455520833333328,6.8,1.6
7196,116,59,4,15,22.58,6.8,1.6
7197,117,59,4,15,22.24,6.8,1.6
7199,119,59,4,15,22.57,6.8,1.6
7440,0,62,4,12,22.54,7.6,3.4
7441,1,62,4,12,22.45,7.6,3.4
7442,2,62,4,12,22.45,7.6,3.4
7445,5,62,4,12,22.48384615384615,7.6,3.4
7447,7,62,4,12,22.48384615384615,7.6,3.4
7448,8,62,4,12,22.49,7.6,3.4
7449,9,62,4,12,22.38,7.6,3.4
7452,12,62,4,12,22.38,7.6,3.4
7453,13,62,4,12,22.38,7.6,3.4
7456,16,62,4,12,22.51,7.6,3.4
7459,19,62,4,12,22.32,7.6,3.4
7460,20,62,4,12,22.48384615384615,7.6,3.4
7461,21,62,4,12,22.64,7.6,3.4
7462,22,62,4,12,22.61,7.6,3.4
7463,23,62,4,12,22.51,7.6,3.4
7464,24,62,4,12,22.56,7.6,3.4
7467,27,62,4,12,22.48384615384615,7.6,3.4
7468,28,62,4,12,22.68,7.6,3.4
7469,29,62,4,12,22.61,7.6,3.4
7472,32,62,4,12,22.55,7.6,3.4
7478,38,62,4,12,22.47,7.6,3.4
7481,41,62,4,12,22.5,7.6,3.4
7482,42,62,4,12,22.41,7.6,3.4
7483,43,62,4,12,22.48384615384615,7.6,3.4
7486,46,62,4,12,22.5,7.6,3.4
7487,47,62,4,12,22.51,7.6,3.4
7489,49,62,4,12,22.48384615384615,7.6,3.4
7492,52,62,4,12,22.41,7.6,3.4
7494,54,62,4,12,22.4,7.6,3.4
7502,62,62,4,12,22.4,7.6,3.4
7503,63,62,4,12,22.34,7.6,3.4
7505,65,62,4,12,22.33,7.6,3.4
7506,66,62,4,12,22.63,7.6,3.4
7508,68,62,4,12,22.58,7.6,3.4
7509,69,62,4,12,22.58,7.6,3.4
7510,70,62,4,12,22.56,7.6,3.4
7515,75,62,4,12,22.48384615384615,7.6,3.4
7516,76,62,4,12,22.48384615384615,7.6,3.4
7519,79,62,4,12,22.48384615384615,7.6,3.4
7520,80,62,4,12,22.47,7.6,3.4
7523,83,62,4,12,22.64,7.6,3.4
7524,84,62,4,12,22.41,7.6,3.4
7525,85,62,4,12,22.44,7.6,3.4
7526,86,62,4,12,22.48384615384615,7.6,3.4
7527,87,62,4,12,22.48384615384615,7.6,3.4
7528,88,62,4,12,22.44,7.6,3.4
7529,89,62,4,12,22.65,7.6,3.4
7533,93,62,4,12,22.4,7.6,3.4
7534,94,62,4,12,22.61,7.6,3.4
7536,96,62,4,12,22.68,7.6,3.4
7537,97,62,4,12,22.48384615384615,7.6,3.4
7538,98,62,4,12,22.48384615384615,7.6,3.4
7539,99,62,4,12,22.54,7.6,3.4
7540,100,62,4,12,22.68,7.6,3.4
7542,102,62,4,12,22.52,7.6,3.4
7543,103,62,4,12,22.48384615384615,7.6,3.4
7544,104,62,4,12,22.48384615384615,7.6,3.4
7545,105,62,4,12,22.33,7.6,3.4
7548,108,62,4,12,22.48384615384615,7.6,3.4
7553,113,62,4,12,22.39,7.6,3.4
7554,114,62,4,12,22.47,7.6,3.4
7556,116,62,4,12,22.36,7.6,3.4
7680,0,64,4,16,23.376274509803928,8.0,0.5
7682,2,64,4,16,22.99,8.0,0.5
7683,3,64,4,16,22.87,8.0,0.5
7684,4,64,4,16,23.35,8.0,0.5
7687,7,64,4,16,23.01,8.0,0.5
7689,9,64,4,16,23.376274509803928,8.0,0.5
7690,10,64,4,16,22.81,8.0,0.5
7692,12,64,4,16,23.55,8.0,0.5
7693,13,64,4,16,22.96,8.0,0.5
7695,15,64,4,16,23.26,8.0,0.5
7699,19,64,4,16,23.376274509803928,8.0,0.5
7701,21,64,4,16,22.94,8.0,0.5
7708,28,64,4,16,23.376274509803928,8.0,0.5
7709,29,64,4,16,23.06,8.0,0.5
7710,30,64,4,16,23.07,8.0,0.5
7711,31,64,4,16,23.376274509803928,8.0,0.5
7712,32,64,4,16,23.376274509803928,8.0,0.5
7713,33,64,4,16,23.06,8.0,0.5
7714,34,64,4,16,23.14,8.0,0.5
7715,35,64,4,16,22.93,8.0,0.5
7716,36,64,4,16,23.25,8.0,0.5
7719,39,64,4,16,23.376274509803928,8.0,0.5
7721,41,64,4,16,23.08,8.0,0.5
7723,43,64,4,16,23.376274509803928,8.0,0.5
7726,46,64,4,16,23.22,8.0,0.5
7727,47,64,4,16,22.98,8.0,0.5
7728,48,64,4,16,23.38,8.0,0.5
7729,49,64,4,16,23.376274509803928,8.0,0.5
7730,50,64,4,16,22.85,8.0,0.5
7734,54,64,4,16,22.85,8.0,0.5
7735,55,64,4,16,23.62,8.0,0.5
7736,56,64,4,16,22.97,8.0,0.5
7739,59,64,4,16,23.33,8.0,0.5
7742,62,64,4,16,23.376274509803928,8.0,0.5
7744,64,64,4,16,22.95,8.0,0.5
7745,65,64,4,16,23.376274509803928,8.0,0.5
7748,68,64,4,16,23.22,8.0,0.5
7749,69,64,4,16,22.81,8.0,0.5
7750,70,64,4,16,23.18,8.0,0.5
7751,71,64,4,16,23.33,8.0,0.5
7753,73,64,4,16,23.376274509803928,8.0,0.5
7754,74,64,4,16,23.42,8.0,0.5
7758,78,64,4,16,23.15,8.0,0.5
7760,80,64,4,16,22.93,8.0,0.5
7763,83,64,4,16,22.81,8.0,0.5
7765,85,64,4,16,23.376274509803928,8.0,0.5
7766,86,64,4,16,23.376274509803928,8.0,0.5
7767,87,64,4,16,22.87,8.0,0.5
7775,95,64,4,16,23.376274509803928,8.0,0.5
7778,98,64,4,16,23.376274509803928,8.0,0.5
7779,99,64,4,16,22.96,8.0,0.5
7780,100,64,4,16,22.92,8.0,0.5
7782,102,64,4,16,22.99,8.0,0.5
7784,104,64,4,16,22.9,8.0,0.5
7785,105,64,4,16,23.3,8.0,0.5
7786,106,64,4,16,23.376274509803928,8.0,0.5
7787,107,64,4,16,23.13,8.0,0.5
7789,109,64,4,16,22.91,8.0,0.5
7791,111,64,4,16,22.96,8.0,0.5
7793,113,64,4,16,22.81,8.0,0.5
7794,114,64,4,16,22.96,8.0,0.5
7799,119,64,4,16,23.376274509803928,8.0,0.5
8041,1,67,4,15,22.98,6.1,1.8
8042,2,67,4,15,22.995208333333334,6.1,1.8
8043,3,67,4,15,23.05,6.1,1.8
8045,5,67,4,15,22.995208333333334,6.1,1.8
8046,6,67,4,15,22.92,6.1,1.8
8047,7,67,4,15,23.1,6.1,1.8
8050,10,67,4,15,22.995208333333334,6.1,1.8
8051,11,67,4,15,22.98,6.1,1.8
8052,12,67,4,15,22.995208333333334,6.1,1.8
8053,13,67,4,15,22.995208333333334,6.1,1.8
8054,14,67,4,15,22.995208333333334,6.1,1.8
8055,15,67,4,15,23.07,6.1,1.8
8057,17,67,4,15,23.09,6.1,1.8
8059,19,67,4,15,22.995208333333334,6.1,1.8
8061,21,67,4,15,23.07,6.1,1.8
8062,22,67,4,15,23.03,6.1,1.8
8063,23,67,4,15,22.995208333333334,6.1,1.8
8065,25,67,4,15,23.1,6.1,1.8
8066,26,67,4,15,22.995208333333334,6.1,1.8
8069,29,67,4,15,22.995208333333334,6.1,1.8
8074,34,67,4,15,22.85,6.1,1.8
8076,36,67,4,15,23.08,6.1,1.8
8078,38,67,4,15,22.995208333333334,6.1,1.8
8081,41,67,4,15,22.86,6.1,1.8
8082,42,67,4,15,23.04,6.1,1.8
8083,43,67,4,15,23.08,6.1,1.8
8087,47,67,4,15,23.09,6.1,1.8
8093,53,67,4,15,22.995208333333334,6.1,1.8
8094,54,67,4,15,22.995208333333334,6.1,1.8
8095,55,67,4,15,22.93,6.1,1.8
8100,60,67,4,15,22.97,6.1,1.8
8102,62,67,4,15,22.9,6.1,1.8
8104,64,67,4,15,23.02,6.1,1.8
8107,67,67,4,15,22.995208333333334,6.1,1.8
8112,72,67,4,15,22.995208333333334,6.1,1.8
8113,73,67,4,15,22.86,6.1,1.8
8115,75,67,4,15,23.03,6.1,1.8
8116,76,67,4,15,22.95,6.1,1.8
8118,78,67,4,15,22.995208333333334,6.1,1.8
8124,84,67,4,15,22.95,6.1,1.8
8125,85,67,4,15,22.92,6.1,1.8
8128,88,67,4,15,22.94,6.1,1.8
8131,91,67,4,15,22.995208333333334,6.1,1.8
8135,95,67,4,15,22.87,6.1,1.8
8136,96,67,4,15,22.81,6.1,1.8
8137,97,67,4,15,22.995208333333334,6.1,1.8
8138,98,67,4,15,22.995208333333334,6.1,1.8
8139,99,67,4,15,23.04,6.1,1.8
8140,100,67,4,15,22.81,6.1,1.8
8141,101,67,4,15,22.995208333333334,6.1,1.8
8142,102,67,4,15,22.85,6.1,1.8
8143,103,67,4,15,22.995208333333334,6.1,1.8
8144,104,67,4,15,23.01,6.1,1.8
8145,105,67,4,15,22.92,6.1,1.8
8146,106,67,4,15,22.97,6.1,1.8
8147,107,67,4,15,23.02,6.1,1.8
8151,111,67,4,15,23.07,6.1,1.8
8152,112,67,4,15,22.995208333333334,6.1,1.8
8153,113,67,4,15,22.995208333333334,6.1,1.8
8154,114,67,4,15,22.995208333333334,6.1,1.8
8157,117,67,4,15,23.1,6.1,1.8
8158,118,67,4,15,22.82,6.1,1.8
8162,2,68,4,12,22.45,8.9,4.1
8164,4,68,4,12,22.35,8.9,4.1
8166,6,68,4,12,22.67,8.9,4.1
8167,7,68,4,12,22.35,8.9,4.1
8168,8,68,4,12,22.69,8.9,4.1
8169,9,68,4,12,22.512702702702697,8.9,4.1
8170,10,68,4,12,22.67,8.9,4.1
8171,11,68,4,12,22.4,8.9,4.1
8172,12,68,4,12,22.35,8.9,4.1
8173,13,68,4,12,22.66,8.9,4.1
8174,14,68,4,12,22.31,8.9,4.1
8175,15,68,4,12,22.29,8.9,4.1
8177,17,68,4,12,22.6,8.9,4.1
8182,22,68,4,12,22.58,8.9,4.1
8183,23,68,4,12,22.36,8.9,4.1
8184,24,68,4,12,22.29,8.9,4.1
8186,26,68,4,12,22.69,8.9,4.1
8187,27,68,4,12,22.512702702702697,8.9,4.1
8190,30,68,4,12,22.47,8.9,4.1
8191,31,68,4,12,22.73,8.9,4.1
8192,32,68,4,12,22.52,8.9,4.1
8193,33,68,4,12,22.41,8.9,4.1
8194,34,68,4,12,22.34,8.9,4.1
8195,35,68,4,12,22.38,8.9,4.1
8198,38,68,4,12,22.512702702702697,8.9,4.1
8199,39,68,4,12,22.51,8.9,4.1
8202,42,68,4,12,22.34,8.9,4.1
8205,45,68,4,12,22.63,8.9,4.1
8207,47,68,4,12,22.512702702702697,8.9,4.1
8209,49,68,4,12,22.58,8.9,4.1
8211,51,68,4,12,22.38,8.9,4.1
8214,54,68,4,12,22.53,8.9,4.1
8215,55,68,4,12,22.29,8.9,4.1
8216,56,68,4,12,22.63,8.9,4.1
8217,57,68,4,12,22.38,8.9,4.1
8219,59,68,4,12,22.55,8.9,4.1
8220,60,68,4,12,22.512702702702697,8.9,4.1
8223,63,68,4,12,22.512702702702697,8.9,4.1
8225,65,68,4,12,22.53,8.9,4.1
8226,66,68,4,12,22.37,8.9,4.1
8228,68,68,4,12,22.52,8.9,4.1
8229,69,68,4,12,22.512702702702697,8.9,4.1
8230,70,68,4,12,22.29,8.9,4.1
8237,77,68,4,12,22.73,8.9,4.1
8238,78,68,4,12,22.52,8.9,4.1
8242,82,68,4,12,22.33,8.9,4.1
8243,83,68,4,12,22.512702702702697,8.9,4.1
8250,90,68,4,12,22.48,8.9,4.1
8253,93,68,4,12,22.34,8.9,4.1
8254,94,68,4,12,22.38,8.9,4.1
8255,95,68,4,12,22.72,8.9,4.1
8256,96,68,4,12,22.57,8.9,4.1
8259,99,68,4,12,22.512702702702697,8.9,4.1
8260,100,68,4,12,22.67,8.9,4.1
8266,106,68,4,12,22.54,8.9,4.1
8269,109,68,4,12,22.29,8.9,4.1
8271,111,68,4,12,22.36,8.9,4.1
8273,113,68,4,12,22.29,8.9,4.1
8274,114,68,4,12,22.6,8.9,4.1
8276,116,68,4,12,22.48,8.9,4.1
8277,117,68,4,12,22.69,8.9,4.1
8278,118,68,4,12,22.72,8.9,4.1
8279,119,68,4,12,22.6,8.9,4.1
8400,0,70,4,12,22.93,7.8,3.9
8402,2,70,4,12,23.08,7.8,3.9
8403,3,70,4,12,23.056875,7.8,3.9
8407,7,70,4,12,23.056875,7.8,3.9
8409,9,70,4,12,23.07,7.8,3.9
8411,11,70,4,12,22.88,7.8,3.9
8413,13,70,4,12,22.85,7.8,3.9
8415,15,70,4,12,23.06,7.8,3.9
8416,16,70,4,12,23.056875,7.8,3.9
8418,18,70,4,12,22.88,7.8,3.9
8419,19,70,4,12,22.95,7.8,3.9
8423,23,70,4,12,23.01,7.8,3.9
8424,24,70,4,12,23.056875,7.8,3.9
8426,26,70,4,12,22.85,7.8,3.9
8429,29,70,4,12,22.98,7.8,3.9
8431,31,70,4,12,22.85,7.8,3.9
8434,34,70,4,12,23.12,7.8,3.9
8435,35,70,4,12,22.99,7.8,3.9
8437,37,70,4,12,23.11,7.8,3.9
8439,39,70,4,12,23.056875,7.8,3.9
8441,41,70,4,12,23.13,7.8,3.9
8442,42,70,4,12,23.056875,7.8,3.9
8444,44,70,4,12,23.14,7.8,3.9
8447,47,70,4,12,23.14,7.8,3.9
8448,48,70,4,12,23.056875,7.8,3.9
8450,50,70,4,12,23.06,7.8,3.9
8455,55,70,4,12,23.13,7.8,3.9
8456,56,70,4,12,23.0,7.8,3.9
8459,59,70,4,12,23.14,7.8,3.9
8460,60,70,4,12,23.09,7.8,3.9
8464,64,70,4,12,23.0,7.8,3.9
8465,65,70,4,12,23.056875,7.8,3.9
8466,66,70,4,12,23.01,7.8,3.9
8469,69,70,4,12,23.056875,7.8,3.9
8471,71,70,4,12,23.056875,7.8,3.9
8473,73,70,4,12,23.09,7.8,3.9
8474,74,70,4,12,23.056875,7.8,3.9
8475,75,70,4,12,23.06,7.8,3.9
8477,77,70,4,12,23.056875,7.8,3.9
8478,78,70,4,12,23.04,7.8,3.9
8479,79,70,4,12,23.056875,7.8,3.9
8481,81,70,4,12,23.056875,7.8,3.9
8484,84,70,4,12,23.1,7.8,3.9
8486,86,70,4,12,23.056875,7.8,3.9
8491,91,70,4,12,23.056875,7.8,3.9
8492,92,70,4,12,23.056875,7.8,3.9
8493,93,70,4,12,23.056875,7.8,3.9
8494,94,70,4,12,23.06,7.8,3.9
8496,96,70,4,12,23.056875,7.8,3.9
8500,100,70,4,12,22.98,7.8,3.9
8501,101,70,4,12,22.9,7.8,3.9
8503,103,70,4,12,23.056875,7.8,3.9
8506,106,70,4,12,23.1,7.8,3.9
8508,108,70,4,12,23.01,7.8,3.9
8509,109,70,4,12,23.13,7.8,3.9
8512,112,70,4,12,23.056875,7.8,3.9
8513,113,70,4,12,23.056875,7.8,3.9
8514,114,70,4,12,23.056875,7.8,3.9
8515,115,70,4,12,23.056875,7.8,3.9
8516,116,70,4,12,23.08,7.8,3.9
8519,119,70,4,12,23.15,7.8,3.9
8644,4,72,4,16,24.38,9.3,0.7
8651,11,72,4,16,24.29,9.3,0.7
8652,12,72,4,16,23.8,9.3,0.7
8653,13,72,4,16,24.55,9.3,0.7
8654,14,72,4,16,23.75,9.3,0.7
8655,15,72,4,16,24.05611111111111,9.3,0.7
8656,16,72,4,16,24.5,9.3,0.7
8659,19,72,4,16,24.46,9.3,0.7
8662,22,72,4,16,24.47,9.3,0.7
8663,23,72,4,16,23.85,9.3,0.7
8664,24,72,4,16,24.41,9.3,0.7
8666,26,72,4,16,23.72,9.3,0.7
8667,27,72,4,16,24.27,9.3,0.7
8670,30,72,4,16,23.7,9.3,0.7
8671,31,72,4,16,24.52,9.3,0.7
8675,35,72,4,16,24.02,9.3,0.7
8676,36,72,4,16,23.75,9.3,0.7
8677,37,72,4,16,23.99,9.3,0.7
8678,38,72,4,16,24.14,9.3,0.7
8679,39,72,4,16,23.99,9.3,0.7
8680,40,72,4,16,24.05611111111111,9.3,0.7
8681,41,72,4,16,24.08,9.3,0.7
8683,43,72,4,16,24.45,9.3,0.7
8684,44,72,4,16,23.9,9.3,0.7
8685,45,72,4,16,24.55,9.3,0.7
8686,46,72,4,16,24.41,9.3,0.7
8687,47,72,4,16,23.97,9.3,0.7
8690,50,72,4,16,24.11,9.3,0.7
8694,54,72,4,16,23.67,9.3,0.7
8695,55,72,4,16,24.39,9.3,0.7
8696,56,72,4,16,24.05611111111111,9.3,0.7
8699,59,72,4,16,23.85,9.3,0.7
8700,60,72,4,16,24.05611111111111,9.3,0.7
8703,63,72,4,16,23.79,9.3,0.7
8704,64,72,4,16,24.24,9.3,0.7
8705,65,72,4,16,24.05611111111111,9.3,0.7
8708,68,72,4,16,23.88,9.3,0.7
8709,69,72,4,16,23.89,9.3,0.7
8713,73,72,4,16,24.27,9.3,0.7
8719,79,72,4,16,24.04,9.3,0.7
8720,80,72,4,16,24.05611111111111,9.3,0.7
8721,81,72,4,16,23.66,9.3,0.7
8722,82,72,4,16,24.07,9.3,0.7
8725,85,72,4,16,24.05611111111111,9.3,0.7
8727,87,72,4,16,24.54,9.3,0.7
8728,88,72,4,16,24.25,9.3,0.7
8733,93,72,4,16,24.05611111111111,9.3,0.7
8734,94,72,4,16,24.38,9.3,0.7
8737,97,72,4,16,24.22,9.3,0.7
8739,99,72,4,16,24.05611111111111,9.3,0.7
8740,100,72,4,16,24.21,9.3,0.7
8743,103,72,4,16,24.53,9.3,0.7
8744,104,72,4,16,24.45,9.3,0.7
8746,106,72,4,16,24.05611111111111,9.3,0.7
8747,107,72,4,16,24.05611111111111,9.3,0.7
8748,108,72,4,16,24.21,9.3,0.7
8749,109,72,4,16,24.25,9.3,0.7
8750,110,72,4,16,24.05611111111111,9.3,0.7
8752,112,72,4,16,24.44,9.3,0.7
8756,116,72,4,16,24.01,9.3,0.7
8758,118,72,4,16,24.29,9.3,0.7
8760,0,73,4,11,23.118349514563103,7.4,3.9
8762,2,73,4,11,22.85,7.4,3.9
8763,3,73,4,11,23.118349514563103,7.4,3.9
8764,4,73,4,11,22.87,7.4,3.9
8765,5,73,4,11,23.12,7.4,3.9
8770,10,73,4,11,22.96,7.4,3.9
8772,12,73,4,11,23.118349514563103,7.4,3.9
8773,13,73,4,11,23.14,7.4,3.9
8778,18,73,4,11,23.118349514563103,7.4,3.9
8781,21,73,4,11,23.118349514563103,7.4,3.9
8783,23,73,4,11,23.09,7.4,3.9
8787,27,73,4,11,22.75,7.4,3.9
8788,28,73,4,11,22.98,7.4,3.9
8789,29,73,4,11,22.83,7.4,3.9
8790,30,73,4,11,22.77,7.4,3.9
8791,31,73,4,11,23.118349514563103,7.4,3.9
8792,32,73,4,11,22.9,7.4,3.9
8794,34,73,4,11,22.87,7.4,3.9
8801,41,73,4,11,23.118349514563103,7.4,3.9
8802,42,73,4,11,23.04,7.4,3.9
8804,44,73,4,11,23.118349514563103,7.4,3.9
8805,45,73,4,11,23.12,7.4,3.9
8806,46,73,4,11,22.76,7.4,3.9
8807,47,73,4,11,23.118349514563103,7.4,3.9
8808,48,73,4,11,22.74,7.4,3.9
8809,49,73,4,11,22.94,7.4,3.9
8810,50,73,4,11,23.07,7.4,3.9
8811,51,73,4,11,22.75,7.4,3.9
8812,52,73,4,11,22.95,7.4,3.9
8814,54,73,4,11,22.79,7.4,3.9
8816,56,73,4,11,23.118349514563103,7.4,3.9
8817,57,73,4,11,23.118349514563103,7.4,3.9
8818,58,73,4,11,22.92,7.4,3.9
8822,62,73,4,11,23.118349514563103,7.4,3.9
8823,63,73,4,11,23.02,7.4,3.9
8826,66,73,4,11,22.7,7.4,3.9
8827,67,73,4,11,22.82,7.4,3.9
8830,70,73,4,11,22.77,7.4,3.9
8831,71,73,4,11,22.93,7.4,3.9
8832,72,73,4,11,23.07,7.4,3.9
8837,77,73,4,11,22.81,7.4,3.9
8838,78,73,4,11,22.87,7.4,3.9
8845,85,73,4,11,23.02,7.4,3.9
8848,88,73,4,11,22.7,7.4,3.9
8849,89,73,4,11,23.07,7.4,3.9
8850,90,73,4,11,23.118349514563103,7.4,3.9
8853,93,73,4,11,23.118349514563103,7.4,3.9
8854,94,73,4,11,23.09,7.4,3.9
8855,95,73,4,11,22.85,7.4,3.9
8860,100,73,4,11,23.14,7.4,3.9
8862,102,73,4,11,22.75,7.4,3.9
8864,104,73,4,11,23.118349514563103,7.4,3.9
8866,106,73,4,11,22.86,7.4,3.9
8867,107,73,4,11,22.86,7.4,3.9
8868,108,73,4,11,23.11,7.4,3.9
8869,109,73,4,11,23.07,7.4,3.9
8870,110,73,4,11,23.118349514563103,7.4,3.9
8871,111,73,4,11,23.09,7.4,3.9
8876,116,73,4,11,23.04,7.4,3.9
8878,118,73,4,11,22.8,7.4,3.9
8879,119,73,4,11,23.118349514563103,7.4,3.9
8881,1,74,4,16,22.6,9.5,0.9
8885,5,74,4,16,22.45,9.5,0.9
8886,6,74,4,16,22.548205128205126,9.5,0.9
8890,10,74,4,16,22.44,9.5,0.9
8893,13,74,4,16,22.57,9.5,0.9
8894,14,74,4,16,22.7,9.5,0.9
8895,15,74,4,16,22.46,9.5,0.9
8896,16,74,4,16,22.6,9.5,0.9
8897,17,74,4,16,22.73,9.5,0.9
8899,19,74,4,16,22.7,9.5,0.9
8901,21,74,4,16,22.66,9.5,0.9
8904,24,74,4,16,22.54,9.5,0.9
8905,25,74,4,16,22.78,9.5,0.9
8907,27,74,4,16,22.548205128205126,9.5,0.9
8908,28,74,4,16,22.35,9.5,0.9
8909,29,74,4,16,22.63,9.5,0.9
8910,30,74,4,16,22.76,9.5,0.9
8911,31,74,4,16,22.74,9.5,0.9
8913,33,74,4,16,22.57,9.5,0.9
8915,35,74,4,16,22.28,9.5,0.9
8917,37,74,4,16,22.58,9.5,0.9
8918,38,74,4,16,22.45,9.5,0.9
8919,39,74,4,16,22.44,9.5,0.9
8921,41,74,4,16,22.51,9.5,0.9
8923,43,74,4,16,22.57,9.5,0.9
8929,49,74,4,16,22.56,9.5,0.9
8930,50,74,4,16,22.47,9.5,0.9
8934,54,74,4,16,22.39,9.5,0.9
8935,55,74,4,16,22.38,9.5,0.9
8944,64,74,4,16,22.32,9.5,0.9
8946,66,74,4,16,22.5,9.5,0.9
8947,67,74,4,16,22.55,9.5,0.9
8948,68,74,4,16,22.8,9.5,0.9
8949,69,74,4,16,22.47,9.5,0.9
8952,72,74,4,16,22.78,9.5,0.9
8954,74,74,4,16,22.34,9.5,0.9
8956,76,74,4,16,22.58,9.5,0.9
8958,78,74,4,16,22.63,9.5,0.9
8961,81,74,4,16,22.29,9.5,0.9
8962,82,74,4,16,22.58,9.5,0.9
8963,83,74,4,16,22.8,9.5,0.9
8964,84,74,4,16,22.72,9.5,0.9
8967,87,74,4,16,22.64,9.5,0.9
8969,89,74,4,16,22.63,9.5,0.9
8972,92,74,4,16,22.3,9.5,0.9
8973,93,74,4,16,22.8,9.5,0.9
8976,96,74,4,16,22.5,9.5,0.9
8978,98,74,4,16,22.64,9.5,0.9
8979,99,74,4,16,22.33,9.5,0.9
8980,100,74,4,16,22.64,9.5,0.9
8981,101,74,4,16,22.32,9.5,0.9
8983,103,74,4,16,22.72,9.5,0.9
8984,104,74,4,16,22.78,9.5,0.9
8985,105,74,4,16,22.28,9.5,0.9
8986,106,74,4,16,22.8,9.5,0.9
8987,107,74,4,16,22.63,9.5,0.9
8989,109,74,4,16,22.73,9.5,0.9
8991,111,74,4,16,22.6,9.5,0.9
8993,113,74,4,16,22.63,9.5,0.9
8996,116,74,4,16,22.6,9.5,0.9
8998,118,74,4,16,22.79,9.5,0.9
8999,119,74,4,16,22.548205128205126,9.5,0.9
