-6.48E-06,-1.15E-05,-7.68E-05
-0.000169747,9.01E-05,2.68E-05
-9.34E-05,7.16E-05,1.62E-05
-7.75E-05,9.33E-05,-0.000137982
-8.11E-06,1.48E-05,-9.83E-05
-3.01E-06,3.99E-05,0.000122903
-0.000102315,-6.72E-06,-9.50E-05
-8.65E-05,1.29E-05,-6.84E-05
0.000202063,-2.65E-05,-0.000135804
-3.76E-05,-9.41E-05,0.000167128
-5.01E-07,-0.000139483,-9.23E-05
-0.000109989,1.26E-05,8.12E-05
6.67E-05,-5.88E-05,0.000194453
0.000123872,0.000123192,7.83E-05
2.90E-05,-0.000177954,7.68E-05
-5.19E-05,3.09E-05,-9.08E-05
-0.000212143,4.66E-05,0.000100707
0.00013502,0.00016287,-7.02E-05
-2.41E-05,0.000125177,-0.000138327
-0.000105338,4.13E-07,6.54E-05
-7.12E-05,0.000157921,-3.40E-05
-6.76E-05,1.76E-05,-0.000100426
0.00021812,2.15E-05,3.13E-05
8.16E-05,2.90E-05,0.000152851
-7.44E-05,-3.98E-05,-3.26E-05
3.96E-05,-1.67E-05,2.11E-05
-0.000146297,-0.000143859,9.40E-05
-0.000245018,3.82E-05,8.33E-05
0.000211017,-9.49E-05,-0.000141598
1.50E-05,-1.05E-05,5.76E-05
0.000186401,-1.87E-05,7.88E-05
0.000182954,6.01E-05,-0.000122636
6.54E-05,0.000141101,6.95E-05
-3.18E-05,0.000123889,-5.59E-05
-0.00014681,6.70E-05,-9.34E-05
0.00018264,-0.000140437,6.51E-05
-0.000206754,-1.00E-05,2.15E-05
-0.00018384,-0.00015952,-4.00E-05
2.59E-05,-7.86E-06,0.000118815
0.000121924,-0.000240509,4.15E-05
0.0001178,0.000115331,0.000259373
-0.000156892,-0.000159248,-5.50E-05
7.06E-05,0.0001227,3.39E-05
3.59E-05,-3.46E-05,-0.000131919
-0.000123573,-3.62E-05,2.02E-05
2.74E-05,9.12E-05,3.19E-05
0.000239023,-2.43E-05,3.23E-05
-2.90E-05,-0.000202069,-0.000133776
3.35E-05,2.78E-05,0.000182617
-0.000158779,-5.10E-05,-0.000100032
1.20E-05,-9.93E-06,7.70E-05
-4.85E-05,8.23E-05,3.41E-06
-3.26E-05,-7.50E-05,-1.02E-05
6.73E-05,3.13E-05,2.00E-05
-0.000139992,9.29E-05,8.07E-05
1.80E-05,2.54E-05,0.000209358
0.00019275,-7.68E-05,8.86E-05
5.95E-05,-2.50E-05,3.64E-05
-0.000192658,6.66E-05,-0.000181506
0.000104863,-0.000138916,-0.000121685
3.08E-05,-0.00015554,-2.86E-05
0.000203841,8.83E-05,-6.48E-05
-4.31E-05,9.35E-05,-2.43E-05
0.000164748,-3.90E-05,-7.66E-05
-1.44E-05,0.000199818,-6.84E-05
-9.67E-05,0.000106362,0.000132336
-0.000196895,-9.21E-06,7.95E-05
-1.62E-05,-0.000102292,7.73E-05
-0.000106939,9.96E-06,-0.000206227
-7.14E-05,-6.06E-05,0.000278181
-4.21E-05,7.17E-05,-0.000185722
0.000127371,-6.66E-05,-2.63E-05
6.38E-06,1.50E-05,-6.48E-05
7.88E-05,-0.000131182,-3.81E-05
7.42E-06,-8.89E-07,0.000110204
5.81E-06,-8.47E-05,0.000119868
8.41E-05,7.29E-05,0.000159645
-4.80E-05,4.49E-05,-0.000149143
1.64E-05,9.69E-05,3.81E-05
-2.43E-05,-6.61E-06,-0.00019697
5.30E-05,2.10E-05,2.69E-05
-8.03E-05,0.000176376,5.89E-05
-4.45E-05,0.000119626,-6.36E-05
5.25E-05,-9.47E-05,-5.95E-06
-0.000263039,-0.000137567,-1.49E-05
0.000187405,6.34E-05,5.16E-05
9.82E-05,-5.72E-05,1.85E-05
5.87E-05,-5.42E-05,-7.97E-05
9.98E-05,-0.000156527,0.00020769
-9.35E-05,-0.000282873,-3.10E-06
0.000123134,8.35E-05,5.08E-05
-0.000104954,-3.32E-05,9.31E-07
1.08E-06,-0.000153553,-0.000195445
0.000119665,3.66E-05,-8.27E-05
6.27E-05,-0.000140502,0.000119975
-8.01E-05,6.01E-05,9.66E-07
9.17E-05,-1.52E-05,-0.000166739
0.000113063,7.56E-06,0.000161443
-3.80E-05,-0.000191223,-4.05E-06
0.000142457,-0.000124192,0.000104072
-7.35E-05,-0.000260686,-5.89E-05
-0.000225874,-0.000352105,-0.000132394
4.75E-05,0.000136895,-5.84E-05
-7.62E-05,-0.000117362,2.11E-05
3.81E-05,0.000480813,-0.000195425
-8.33E-05,0.000508083,5.26E-05
0.000108326,0.000438398,-8.82E-06
-6.52E-05,0.000329205,-0.000134414
-0.000256244,0.000329056,3.01E-05
1.83E-05,-7.16E-05,-0.000103127
7.72E-05,0.000351431,0.000189673
3.82E-05,0.000154186,0.000109277
-9.89E-05,0.000210611,7.84E-05
-3.21E-05,8.05E-05,3.36E-05
-8.52E-05,-7.04E-05,2.33E-05
9.68E-05,-4.73E-05,-9.77E-05
-0.000192102,-1.98E-05,-9.80E-05
3.09E-05,7.05E-05,3.64E-05
7.80E-05,0.000427992,-7.43E-05
0.00021338,0.000503676,-8.24E-05
-0.000118249,-5.75E-05,7.24E-05
3.38E-06,0.000118027,4.59E-05
0.000128728,-0.000397328,0.000147478
-8.88E-05,-0.000200897,-0.000157793
7.85E-05,-0.000352281,-0.000183783
5.49E-05,3.17E-05,-6.09E-05
4.55E-05,0.000292392,-3.74E-05
1.41E-05,0.000134129,-1.38E-05
-8.35E-05,-0.000233077,-3.55E-05
0.000112435,0.000150968,-0.00014401
-6.50E-05,0.000670531,9.74E-05
-0.000153559,0.00061484,2.85E-05
-0.000122611,0.000558372,5.45E-05
0.000109681,0.000100062,-6.56E-05
3.85E-05,-0.000193483,-1.30E-05
0.00016194,-0.000111741,-5.30E-05
-7.13E-05,-7.98E-05,-0.000248687
-0.000268246,-0.0003717,-0.00015536
-4.16E-05,-0.000690998,-5.73E-05
-9.48E-05,-0.000912914,-1.02E-05
0.000147866,-0.000615636,0.000186273
-1.16E-05,-6.97E-05,7.41E-05
4.81E-05,3.69E-05,-0.000131578
5.86E-05,0.000294122,1.75E-05
8.46E-05,-3.16E-05,-2.01E-05
-3.46E-05,-5.65E-06,9.75E-05
-0.000124978,0.000261789,-0.000126282
-5.04E-05,0.000357255,0.00017946
-2.25E-06,0.000556564,8.44E-05
-0.000133562,0.0003719,3.32E-05
8.61E-05,-8.25E-05,-0.00016484
-9.73E-05,-6.55E-06,0.000112127
0.000150796,-0.000195408,-5.07E-05
2.31E-05,0.000197808,-8.31E-05
-5.71E-05,0.000309121,-0.000146221
0.000217661,6.93E-05,4.63E-05
7.11E-05,0.000307367,7.78E-05
3.03E-06,0.000127769,4.69E-05
8.58E-05,-7.08E-05,5.63E-05
-6.78E-05,-6.59E-05,-0.000116007
-9.57E-05,-0.000345615,-5.78E-05
4.53E-05,-0.000487088,-0.000109023
4.57E-05,-0.000514957,7.14E-05
-0.000247286,-0.000591072,2.52E-05
-7.58E-06,-0.000650867,2.01E-05
3.83E-07,-0.001082714,1.92E-05
-2.02E-06,-0.001133435,0.000141046
0.000217543,-0.001421253,0.000128531
-3.00E-05,-0.001500559,8.89E-06
3.98E-06,-0.001621287,0.000134776
6.08E-05,-0.001099717,-2.76E-05
-8.18E-05,-0.000647972,5.16E-06
-7.37E-05,-0.000583956,0.000111726
0.000115059,-0.000114764,-0.000260474
-4.17E-05,-0.000254761,-5.27E-05
-1.96E-05,7.16E-05,0.000174207
-8.47E-06,0.000326124,4.62E-05
0.000179278,4.30E-05,4.16E-05
-1.73E-05,-1.79E-05,-0.000110998
-5.32E-05,0.000241539,4.50E-05
0.000124071,0.000163684,-0.0001168
-8.63E-05,0.000245861,-6.63E-08
1.29E-05,0.000573968,-2.33E-06
0.000123236,0.000728427,-0.000113409
-0.000263735,0.000785375,0.000150826
8.36E-06,0.000602232,-0.000162356
0.000104284,0.00087555,5.57E-06
4.30E-05,0.000970369,3.47E-05
-0.000155711,0.000855596,-6.06E-05
0.000151553,0.000666765,0.000144851
-7.47E-05,0.000751714,3.56E-05
9.57E-06,0.000420269,-0.000192328
3.95E-05,8.67E-05,3.88E-05
-4.42E-05,-0.000168168,5.73E-05
4.80E-05,-0.000148594,-8.70E-05
-6.75E-06,-0.000368449,8.57E-05
-4.14E-06,-0.000138949,3.28E-05
2.01E-05,-0.000227925,9.09E-05
0.00011885,-0.000411825,-6.57E-05
-7.38E-05,-0.000313086,-4.53E-05
-2.80E-05,-0.000615239,-0.000104048
2.47E-06,-0.000523095,6.38E-06
0.000117303,-0.000559201,0.000170046
-0.000138449,-0.000142516,-0.000158534
9.57E-05,6.24E-06,-0.000170141
-0.000141034,0.000393019,3.65E-05
-6.43E-05,0.000398402,9.63E-05
2.73E-06,0.000424381,-6.02E-05
1.48E-05,0.000663814,-6.95E-06
6.66E-05,0.00067912,-9.06E-05
4.45E-05,0.000818155,-4.70E-05
1.22E-05,0.000975523,8.76E-05
1.57E-05,0.0006271,7.73E-05
1.38E-05,0.001087114,-0.000130166
4.20E-05,0.001034941,2.18E-05
-0.000104542,0.000736688,6.61E-05
-1.89E-05,0.000917155,6.70E-05
-7.00E-06,0.00058302,0.000147959
-3.58E-05,0.000675573,-0.00015325
0.000117228,0.000493316,-8.00E-05
-9.31E-05,0.000274022,8.83E-05
-3.77E-05,0.000118413,7.72E-05
0.00020461,-0.000223027,0.000121242
-0.000154149,-0.000382233,5.91E-06
-5.14E-05,-0.001027833,-5.47E-05
-0.00016046,-0.000528201,4.17E-05
2.71E-05,-0.000684358,-0.000104262
3.32E-05,-0.001109609,8.91E-05
-9.23E-05,-0.001275167,5.79E-05
0.000103681,-0.001186533,6.58E-05
5.57E-05,-0.001354761,3.53E-05
-4.73E-05,-0.001136549,1.33E-05
9.60E-05,-0.001683042,5.84E-05
7.30E-05,-0.001987788,1.74E-05
-0.00013894,-0.001797868,5.17E-05
9.77E-05,-0.001837399,-1.20E-05
-0.00013998,-0.002254218,6.32E-05
-3.35E-05,-0.001808204,0.000120109
-0.000166731,-0.001675886,-2.23E-05
-0.000132941,-0.001820423,-0.000127623
0.000126702,-0.001700573,0.000110734
-8.94E-05,-0.001162195,-0.000162872
9.33E-05,-0.001013938,0.00016377
-6.55E-05,-0.000749916,5.17E-05
-0.000247256,-0.000155267,-2.04E-05
-0.000107787,-0.000191453,3.03E-05
-4.51E-05,0.000216743,-8.44E-05
-5.93E-05,0.00025476,6.20E-05
6.88E-05,0.000411182,6.50E-05
9.32E-06,0.000684416,6.66E-06
-9.66E-05,0.001131707,-8.63E-05
-2.34E-05,0.000957342,-1.71E-05
1.06E-05,0.000756439,-6.43E-05
-0.000149324,0.000312058,1.51E-05
3.84E-05,0.000335728,-1.79E-05
7.30E-05,0.000226114,2.34E-05
-0.000142029,0.000615634,0.000233379
-3.25E-05,0.000897359,-9.41E-05
8.57E-05,0.001250862,7.45E-05
5.30E-05,0.001161227,-5.83E-05
-0.000243958,0.001207466,-0.000167592
5.58E-05,0.001116185,-3.51E-05
0.000118058,0.001394117,-8.45E-05
-0.000101574,0.001283789,8.87E-06
-0.000184089,0.00128209,-1.12E-05
-1.11E-05,0.001046121,0.000125877
3.96E-05,0.001025727,-6.88E-05
0.000104169,0.000911693,-9.87E-06
-0.000149564,0.000379922,-8.36E-05
6.49E-05,1.21E-05,5.42E-05
-8.59E-05,0.00010855,0.000212132
-0.000135871,8.87E-05,9.58E-05
-3.27E-07,0.000295128,3.41E-05
0.000102453,0.00018186,0.00013226
0.00014911,0.00012126,-5.97E-06
-2.87E-05,-0.00014091,1.34E-05
-0.000159119,-0.000208296,2.83E-05
-0.000120227,-0.00038388,-1.95E-05
3.76E-05,-0.00059513,0.000133521
3.39E-05,-0.000587278,0.000165392
-9.53E-05,-0.001029234,3.67E-05
-3.73E-05,-0.001558228,7.59E-05
-0.000138441,-0.001357511,-9.77E-05
-3.37E-05,-0.001382725,0.000146955
6.71E-05,-0.001298579,-1.82E-05
3.29E-05,-0.000977858,3.58E-05
-8.70E-05,-0.00080639,0.000109552
-6.76E-05,-0.000779266,-7.12E-06
-8.40E-05,-0.000937067,2.97E-05
3.90E-05,-0.000950388,8.11E-05
-2.58E-05,-0.001175654,-5.42E-06
-2.13E-05,-0.001160497,3.14E-06
0.000106925,-0.001172711,-7.53E-05
-9.05E-05,-0.000632672,0.000155098
0.000177593,-0.00037796,0.000153274
-5.83E-05,1.53E-05,2.85E-05
2.99E-05,-0.00020394,7.29E-05
-0.000149254,-0.000412682,2.86E-05
0.0001178,-0.000362832,-7.40E-05
-6.72E-06,0.000134668,0.00010018
-9.93E-05,0.000789161,-7.30E-05
0.000225606,0.000482795,4.97E-05
0.00016205,0.000947145,-9.82E-05
6.96E-05,0.001102999,3.50E-05
5.28E-05,0.001189697,1.47E-06
-9.26E-05,0.001747946,-2.40E-06
-8.60E-05,0.001217009,-2.15E-05
-5.40E-05,0.001016158,5.80E-06
0.000118949,0.000142373,-0.000115618
3.91E-06,-0.000375518,9.35E-05
-8.00E-06,-9.12E-05,1.83E-05
4.10E-05,-0.00029708,-0.000110873
-8.01E-05,-0.000184047,7.46E-05
0.000114246,-0.000429576,-0.000182501
4.92E-05,-0.000193857,-0.000137695
-4.36E-05,-0.000338766,-0.000105758
4.48E-05,-0.000743842,2.12E-05
-0.000219881,-0.001042196,-2.39E-05
-7.14E-05,-0.001047552,6.26E-05
-6.85E-05,-0.000997605,-1.73E-05
-4.42E-05,-0.001174793,-0.000122772
4.92E-05,-0.000780401,6.66E-05
0.000126147,-0.000729245,7.98E-06
-0.000188732,-0.00069441,-0.000166156
-6.50E-05,-0.000379606,-5.95E-05
-0.000112326,-0.000315117,-0.000100883
0.00011139,-0.000369207,-0.000107691
0.000116364,-3.00E-07,5.08E-05
-6.59E-06,0.000213945,6.15E-05
9.45E-05,0.000592223,-4.75E-05
1.62E-05,0.001431849,-0.000256052
-9.53E-06,0.001394749,-6.89E-05
0.000138028,0.001315291,-2.16E-05
-3.79E-05,0.001179247,6.99E-05
5.51E-05,0.000757707,-5.89E-06
-8.63E-05,0.000357868,-0.00012764
-0.00012455,0.00074791,-7.53E-06
-0.000101815,0.000895057,0.000148512
9.02E-05,0.001349432,-3.07E-05
7.87E-05,0.001024774,-4.19E-05
8.38E-05,0.000771939,-0.000103431
4.85E-05,0.00067346,-6.55E-05
0.000119452,0.000203677,-2.44E-05
-2.42E-05,0.00065964,0.000154268
-4.48E-05,0.000796323,0.000105311
-0.000272765,0.000308719,4.95E-05
-0.000194108,-3.57E-05,7.04E-05
-8.66E-05,-9.24E-05,-1.75E-05
-0.000114072,-0.000329052,-9.75E-05
7.99E-05,-0.000438396,8.25E-05
1.87E-05,-0.00065107,-8.82E-05
3.69E-05,-0.000838482,7.87E-06
6.60E-05,-0.001206699,-3.10E-05
-6.17E-05,-0.001229052,-5.88E-05
1.31E-05,-0.001253065,4.16E-05
-0.000147852,-0.0016235,5.70E-05
8.86E-05,-0.001549834,-1.26E-05
3.98E-05,-0.00137806,1.10E-05
-4.48E-05,-0.001169819,-2.39E-05
9.21E-05,-0.001189083,3.29E-05
-3.37E-05,-0.000770404,0.000219904
0.000367464,-0.000524606,3.62E-06
-0.000129372,-0.000837496,4.43E-05
-0.000143445,-0.000762637,4.31E-05
-1.03E-05,-0.000838716,-7.51E-05
8.73E-05,-0.000880422,4.47E-05
1.43E-05,-0.000605282,6.82E-05
6.12E-05,-0.00026214,0.000159367
0.000246217,-0.000470292,-0.000202862
-5.89E-05,-0.000558274,1.82E-05
-1.84E-05,-0.000375206,-2.41E-05
-0.000170321,-0.000359947,-0.000131723
0.000133415,0.000188189,-3.28E-05
2.58E-05,5.96E-05,7.21E-06
-0.000176736,0.000117773,1.48E-05
0.000188601,0.000410313,-5.66E-05
8.73E-05,0.000920392,-4.28E-05
4.73E-05,0.000929549,-6.87E-05
-1.25E-05,0.001003931,-1.52E-05
-0.000118222,0.001019625,3.48E-05
-0.000190753,0.001240941,7.94E-05
-2.93E-05,0.001245025,0.000155246
6.72E-05,0.001450236,0.000108745
-5.82E-05,0.001257706,3.50E-05
0.000102865,0.001066196,-1.34E-05
-0.000109214,0.000753114,6.20E-05
8.55E-05,0.000688586,-2.71E-05
-6.90E-05,0.000688192,-4.60E-06
0.000167198,0.00054653,-0.000178722
-0.000159621,0.000595071,-0.000107978
-2.09E-05,0.000943031,-4.17E-05
0.000210729,0.000317669,6.71E-05
-0.000157146,-0.000188666,0.000200193
0.00015784,-0.000137815,8.04E-05
-0.000271998,-0.000402894,-0.00011318
-3.75E-05,-0.000403089,-0.000174925
-2.67E-05,-7.24E-05,7.92E-05
7.33E-05,-6.88E-05,-4.93E-05
-9.65E-05,-7.61E-05,0.000119962
-4.68E-06,-3.70E-05,2.69E-05
0.000117231,-1.89E-05,-2.10E-05
3.58E-05,-5.13E-05,-1.54E-05
-1.30E-05,-0.000117156,-3.50E-05
-1.29E-05,-0.000454204,-4.31E-05
5.75E-05,-0.00048924,6.64E-05
-9.63E-05,-0.000345773,6.29E-05
0.000121967,-0.000512745,4.95E-05
9.07E-05,-0.000396634,5.79E-05
5.56E-05,-0.000301392,4.62E-05
-0.000136769,-0.000759097,0.00013979
-1.08E-05,-0.000705417,-5.36E-06
-8.13E-05,-0.000603353,5.85E-05
2.32E-05,-0.000437082,-0.000208256
-2.70E-06,-0.000634646,-4.38E-06
-5.55E-05,-0.001153157,0.000246177
-9.88E-05,-0.000766541,3.24E-05
-6.63E-05,-0.000680935,-2.92E-05
1.54E-05,-0.000293447,0.000144022
1.88E-05,-0.000300307,4.86E-05
7.57E-05,-0.000561687,0.000139963
3.23E-05,-0.000711624,-2.21E-05
-0.000127974,-0.001398405,-0.000165685
3.61E-05,-0.001012936,-0.000196929
9.14E-05,-0.000345762,0.000144776
-3.86E-05,-0.000211094,6.50E-05
-2.10E-06,-8.43E-05,0.00012187
7.70E-05,-0.000506394,-0.000117489
-9.28E-05,-0.000494653,-0.000132114
0.000108959,-0.000582027,0.00012218
-0.000115958,-0.000829416,-5.12E-05
-0.000170397,-0.000644432,-0.000176042
0.000133886,-0.000817342,2.14E-06
5.72E-05,-0.000794276,-6.14E-05
-0.000137863,-0.000624344,-0.000157952
-0.000156411,-0.00036128,0.000264267
0.000155194,-0.000131115,-6.79E-05
0.000226192,-0.000454483,0.00027288
9.11E-05,-0.000932537,5.23E-05
-3.79E-05,-0.001124552,8.61E-05
-8.81E-05,-0.000987461,-9.29E-06
3.52E-05,-0.000130996,-6.65E-07
5.33E-05,0.00013847,-3.56E-05
0.000101176,0.000294153,2.31E-06
-0.000126256,0.00040788,-3.25E-05
0.000127502,0.000504165,0.000173342
0.000140388,0.000716833,-9.53E-06
-1.58E-05,0.000516962,-9.09E-05
0.000144439,0.000500891,-2.34E-05
-6.44E-05,5.01E-05,3.06E-05
-6.27E-05,0.000363276,-4.40E-05
-0.000500502,0.000314823,-7.94E-05
-0.000353609,0.000359899,-7.69E-05
1.99E-05,0.000489007,5.60E-05
0.00010866,0.0009205,2.80E-05
0.000869238,0.001486007,-0.000128373
0.001123889,0.001570505,0.000147822
0.000518422,0.001817639,7.78E-05
0.000552568,0.001583287,-0.000130854
0.000686419,0.001462122,0.000117092
-0.000151394,0.000686278,9.13E-05
0.000416785,0.000766184,-8.84E-05
0.000472776,0.001131948,5.38E-05
0.00010717,0.001049397,3.19E-05
0.000550079,0.000985894,-1.92E-05
-0.000342231,0.001057611,3.40E-05
-0.00015943,0.001057109,5.77E-05
-0.000152179,0.001331074,8.16E-05
0.000410457,0.001543194,9.00E-05
0.000706598,0.000908682,0.000290527
0.000747392,0.000642291,-0.000120858
-0.000113116,-0.000107839,2.38E-05
2.55E-05,-0.000654192,7.61E-05
-0.000718171,-0.001214748,7.95E-05
-0.000565722,-0.00118795,-1.89E-06
-0.000421345,-0.001184409,8.36E-05
0.000238682,-0.001149823,5.55E-05
0.000439622,-0.001704465,-3.27E-05
0.000456977,-0.002383498,-3.56E-05
-9.98E-05,-0.002306114,3.21E-05
0.000218158,-0.002488974,0.000118998
0.000814658,-0.00273492,4.31E-05
0.001575395,-0.002400938,-5.94E-05
0.000570392,-0.002194466,-9.15E-05
9.63E-05,-0.001637413,-3.52E-05
-0.00039448,-0.001731151,0.000163262
-0.000258629,-0.001372958,-7.47E-05
-0.000139073,-0.001155192,-0.000133419
-0.000608517,-0.000676949,-3.26E-05
-0.001196308,-0.000498491,6.79E-05
-0.001394691,-0.0005021,1.17E-05
-0.001060601,-5.28E-05,-0.000142715
-0.000445841,0.000129178,6.49E-06
0.000349904,0.000250613,-7.79E-05
0.000324055,0.000308039,0.000190822
4.80E-05,0.000899469,0.000114032
0.000142865,0.000832502,4.03E-05
0.000210185,0.001220493,-2.03E-05
0.000612301,0.0006377,-1.13E-05
0.001246229,0.000689572,2.47E-05
0.000808806,0.000541342,0.000142969
-4.63E-05,0.000883891,5.07E-05
-5.67E-05,0.000768715,0.000136616
-0.000214108,0.001267588,2.51E-05
-7.21E-05,0.001287458,-1.08E-05
0.000352465,0.001208335,-6.66E-05
0.000426662,0.000832185,7.65E-05
0.000493788,0.000857368,-5.91E-05
1.97E-05,0.000873679,-2.76E-05
-8.13E-05,0.000849403,-3.03E-05
-8.16E-05,0.001133769,-3.47E-05
-0.000820529,0.000778014,-0.000112803
-0.001050626,0.000494085,-0.000159259
-0.000798343,0.000348356,-1.50E-05
-0.001053088,8.18E-05,2.82E-05
-0.001512072,0.000304592,-0.000197342
-0.001947569,0.000291895,-8.14E-05
-0.00206926,0.000838753,-1.31E-05
-0.002563427,0.000540083,-2.11E-05
-0.002986026,0.00057626,6.70E-05
-0.003084996,0.000143858,3.59E-05
-0.002174035,-0.000582869,-0.000206011
-0.001362464,-0.000465886,6.35E-05
-0.000789917,-0.000823495,1.58E-05
-0.000312045,-0.001398903,0.000122699
-0.000238852,-0.001012469,2.86E-06
0.000415861,-0.000630485,-9.36E-05
0.000434134,-0.000646859,4.27E-05
0.000319544,-0.00055812,0.000282741
0.000129529,-0.000970554,-3.98E-05
0.000482123,-0.001157713,3.49E-07
0.000227212,-0.001309598,-0.000170598
0.00051569,-0.001516797,-3.83E-05
0.001582301,-0.001905247,9.32E-05
0.001773327,-0.002023821,9.75E-05
0.001678965,-0.002357165,-8.83E-05
0.000871089,-0.002079612,-0.000170886
0.001916322,-0.001802003,0.000168765
0.001749053,-0.000875305,-4.77E-05
0.001581847,-0.000729038,4.16E-05
0.001692951,-0.00062046,-8.18E-06
0.001508163,-0.000490998,-5.64E-05
0.000898737,-0.00012385,-7.06E-05
-0.000290421,0.000279937,-7.74E-05
-0.000420895,0.000611338,1.17E-05
-0.000284524,0.000479138,-2.23E-05
-0.000586161,0.000736141,7.81E-05
-2.98E-05,0.000323062,5.03E-05
-0.000535787,0.000557021,5.39E-05
-0.00087459,0.000978244,-6.21E-05
-0.001082292,0.001346649,2.95E-05
-0.001324298,0.001516334,-5.64E-05
-0.001094479,0.001354426,5.59E-05
-0.00126958,0.001218972,1.87E-05
-0.000409589,0.000938745,-6.63E-05
0.000332187,0.00056436,-5.73E-05
0.000972489,0.000610403,2.13E-05
0.000965767,0.000199693,2.39E-05
0.001214188,0.000519617,2.74E-05
0.001329988,0.000455344,-7.14E-06
0.001683747,0.000808348,2.15E-05
0.001447688,0.000580284,0.000134889
0.001729632,-0.000181796,7.60E-05
0.001615692,-0.000319056,-0.0001514
0.001729417,-0.000381211,3.11E-05
0.001888207,-0.000481933,2.03E-05
0.001743079,-0.000667081,2.99E-05
0.001615126,-0.000563464,-5.24E-05
0.001138964,-0.000767465,-2.44E-05
0.001102497,2.36E-05,-4.42E-05
0.000988406,0.000212304,3.77E-05
0.000451294,0.000194198,1.59E-06
0.000261779,0.000601562,-2.17E-05
-0.000496098,0.000791758,-3.30E-05
-0.000866522,0.000561233,-0.000101059
-0.00150924,0.000125981,0.000107885
-0.000868043,0.000264889,7.19E-05
-0.001411146,-0.000111206,-8.16E-06
-0.001886954,0.000194407,0.000107375
-0.002046927,0.000139994,0.000125289
-0.002396525,0.00018354,-0.000105612
-0.002753312,0.000132576,5.54E-05
-0.002654656,-5.84E-05,0.000115473
-0.003300047,-0.000357233,-2.22E-06
-0.003812858,-0.000605446,-9.97E-05
-0.003888342,5.06E-05,5.50E-05
-0.003777032,0.000110217,-4.63E-05
-0.004453807,0.000227143,9.05E-05
-0.003750417,-7.07E-05,-0.00016634
-0.003423519,-0.000833087,1.06E-05
-0.003651582,-0.001016168,-0.000129853
-0.003279667,-0.001286728,-2.14E-05
-0.002415513,-0.001439312,-0.000114787
-0.002018489,-0.001303083,6.57E-05
-0.001703095,-0.00053211,-3.58E-05
-0.000534251,-0.000379074,-9.02E-05
-0.000190515,-0.000490959,-6.88E-06
0.000243975,-0.001010114,6.01E-05
0.000733816,-0.001107944,0.000255479
0.000833006,-0.000601586,0.000155285
0.001438714,-0.000561907,-0.000103098
0.002295639,-0.000768252,7.81E-06
0.001734932,-0.000528494,1.52E-05
0.001346226,-0.000569044,-4.21E-05
0.000658941,-0.000418582,-3.46E-05
0.000782428,-0.00028835,0.000274268
0.00014487,6.42E-05,3.97E-05
0.001107666,0.000213658,0.000291746
0.001709157,0.000369056,0.000151075
0.00232599,0.000541226,0.000210745
0.002554093,0.000462097,-6.09E-05
0.002419925,0.000699226,8.24E-06
0.002272352,0.001368227,0.000296
0.003118207,0.001204459,0.000101594
0.002386013,0.000217629,0.000199435
0.002404851,-6.43E-05,-2.55E-05
0.002214698,-5.59E-05,-2.19E-05
0.00189946,0.000316073,1.69E-05
0.00153105,-1.82E-05,0.000225041
0.001125784,0.000241883,-4.32E-06
0.000322431,6.45E-05,-1.14E-05
-3.74E-05,-0.000498431,-2.62E-05
0.000330626,-0.000814753,-3.99E-05
0.000731305,-0.000510414,-0.000122532
0.000684137,-0.000131125,-3.88E-05
0.000507566,8.87E-05,-0.000135291
3.11E-05,0.000233429,-7.75E-05
-4.52E-06,0.000111206,8.75E-05
-0.000960418,5.27E-05,8.39E-06
-0.000753639,0.000299503,-1.17E-05
-0.00122631,0.0002706,-2.08E-05
-0.002329782,-0.000356053,0.000341088
-0.003060032,-0.000422961,0.000311473
-0.002724048,-0.000726053,7.00E-05
-0.002822275,-0.000734716,-9.39E-05
-0.002209932,-0.000553107,-5.26E-05
-0.001713267,-0.000577704,-0.000129371
-0.001525308,-0.000259374,7.42E-06
-0.001249816,0.000255992,8.91E-05
-0.001883015,0.00072564,-0.000138561
-0.001919782,0.000669277,-0.000112767
-0.002137558,0.001349319,-0.000262103
-0.002411855,0.001172088,2.33E-06
-0.002389195,0.000485623,2.38E-05
-0.001225048,-0.000347255,0.000141666
-0.000501189,-0.001106041,-6.06E-05
-0.000253635,-0.001608886,-8.15E-05
-0.000463228,-0.001225438,-4.57E-05
-0.000796493,-0.000962736,3.76E-05
-0.000403962,-0.000144095,3.13E-05
0.000408134,6.79E-05,4.25E-05
0.001203849,-1.27E-05,5.45E-05
0.001331671,8.62E-05,5.27E-05
0.001849688,-0.000123411,-3.53E-05
0.002131739,0.000462461,-0.000119616
0.002658187,0.000906388,0.000345014
0.003436745,0.0013029,-2.42E-05
0.00281677,0.000609976,0.000113282
0.001753086,-9.18E-05,8.93E-05
-7.10E-05,-0.00042662,-0.000144802
-0.000959956,-0.000984927,-0.000229353
-0.000464193,-0.001018984,-0.000200793
-0.000188652,-0.000731142,-0.000201377
-6.39E-05,-0.0004857,-0.000234099
-0.00078285,5.46E-05,-0.000316409
-0.000413301,-0.000244348,-0.000223486
-0.000900623,0.000111806,-0.000469591
-0.001478142,0.000160245,-0.000452604
-0.002033272,-0.000331415,-0.000573394
-0.002216107,-0.000337149,-0.000570131
-0.002020631,-0.000774544,-0.000560382
-0.002336154,-0.000673262,-0.000405665
-0.001977582,-0.000177928,-0.000144651
-0.001615026,0.000352664,-0.00021829
-0.001520211,0.001218513,1.06E-05
-0.000904812,0.001088538,-4.58E-05
-0.000391984,0.001362868,0.000171668
-0.000637922,0.000752786,3.83E-05
-0.000172389,0.000223312,0.000109233
0.000204655,-0.000395132,5.52E-05
0.00138515,-0.000237497,-7.72E-05
0.00262424,-0.000259518,3.49E-05
0.002789123,-0.000253855,0.000300824
0.002495844,-0.000542507,0.000131744
0.002330273,-0.000695562,0.000387169
0.001538217,-0.001277166,0.000424927
0.000953987,-0.000813189,0.000337628
0.001632056,-0.001170262,0.000442747
0.001744911,-0.000946189,0.000458288
0.002372539,-0.001091781,0.00048241
0.001810161,-0.000549695,0.00018439
0.00151162,-0.000287144,0.000367694
0.001087842,0.000192253,9.52E-06
0.000640459,0.000579059,-2.19E-05
0.001372513,0.001014403,-7.42E-05
0.001482528,0.001053495,-4.44E-05
0.000845261,0.000908181,-9.32E-05
-6.97E-05,0.000567789,-0.000110013
-0.000308714,0.000676501,-0.000136582
-0.000634541,-9.86E-05,-0.000269967
-0.000835619,-0.000487428,-0.000246205
-0.001092939,-0.001076393,-0.000379803
-0.001403934,-0.001268005,-0.000225054
-0.00231167,-0.000978648,-0.000254884
-0.002934633,-0.000817415,-4.71E-05
-0.002811234,-0.000691826,-9.72E-05
-0.002921106,-0.000937466,0.000230745
-0.003004495,-4.98E-05,9.11E-05
-0.002702107,-0.000346042,0.000157532
-0.00204451,-0.000155905,0.000166974
-0.002346577,0.000122226,0.000311649
-0.001520847,-2.11E-05,0.000256884
-0.000985357,0.000146816,0.000469459
-0.001362911,-0.000128136,0.000233516
-0.001281029,-2.52E-05,0.000279069
-0.001636021,-0.000500031,0.000435674
-0.001611794,-0.000596409,0.000432669
-0.000962768,-0.000348423,0.000314251
-0.000859869,-5.72E-05,0.00010326
-0.000607106,0.000225524,0.000218489
-0.001269018,0.000495425,0.000268575
-0.000873554,0.000304093,-0.000151805
-0.000766403,0.000317703,-8.70E-05
0.000421822,8.31E-05,-0.000194703
0.00023982,-0.000523334,-0.00025068
0.000292151,-0.000408372,-0.000340024
0.000620187,-0.000470565,-5.35E-05
0.001606543,-0.000632408,-0.000240454
0.001813822,-0.000151915,-0.000412077
0.001370159,0.000113912,-0.000298141
0.002247705,-0.000132151,-0.000545066
0.002522713,1.08E-06,-0.000636792
0.002689871,7.14E-05,-0.000607863
0.002772952,0.000475753,-0.000622835
0.00205356,0.001051574,-0.000833998
0.002595233,0.000907115,-0.000893883
0.001794382,0.000825042,-0.000815494
0.001315133,0.000974374,-0.000915145
0.001338406,0.000825106,-0.000905781
0.001106083,0.000791998,-0.000845303
0.00118208,0.000739614,-0.000723086
0.001797263,0.000861463,-0.000712523
0.00114664,0.00045501,-0.000521668
-0.000508935,-0.000331826,-0.000434354
-0.000399888,-0.000480334,-0.000339098
-0.0007536,-0.000425333,0.000189115
-0.000744164,0.000432617,-5.34E-05
-0.000676185,0.000226884,4.24E-06
-0.000225591,0.000329035,1.82E-05
-0.00040747,0.000361098,8.09E-05
8.38E-05,0.000577577,0.000362257
0.000152281,-0.000136293,0.000469836
0.000326089,-4.37E-05,0.000463182
-0.000397675,0.000436966,0.000432625
-0.001022924,0.000472301,-1.52E-05
-0.001029063,0.000438298,2.64E-05
-0.00057327,0.000356704,-7.73E-05
-0.001383087,0.000358356,0.00017076
-0.000837068,-0.000222715,0.00041304
-0.000809509,-0.000722621,0.000410424
-0.001194406,-0.001720608,0.000646037
-0.001550964,-0.001455857,0.000589784
-0.000918138,-0.001471913,0.000476852
-0.000828064,-0.00074124,0.000533624
-0.001384917,-0.000235394,0.000497606
-0.002165759,0.000242433,0.000473329
-0.001629494,9.35E-05,0.000432997
-0.001317384,-0.000457281,0.000289674
-0.000760896,-0.001281094,0.000394453
-0.000492614,-0.001798056,0.000301951
-0.00105813,-0.00165341,0.000127552
-0.001988089,-0.001566005,-2.90E-05
-0.002379501,-0.001399884,0.000199029
-0.00203685,-0.001439415,0.000174722
-0.000866023,-0.000819302,4.56E-05
-0.000385207,-0.000447623,0.00011736
-0.000201353,0.000176481,-1.08E-05
-0.001048933,-0.00018797,2.10E-05
-0.000945793,-0.000284157,-0.000149706
-0.001146652,0.000550343,-0.000159122
-0.001846716,0.00054354,-0.00020177
-0.001253163,-3.19E-05,-0.000513129
-0.001475603,-0.000402771,-0.000433852
-0.001555443,-0.000809871,-0.000544781
-0.001084934,-0.000577238,-0.00051929
-0.000826203,0.000102008,-0.000137411
-0.000166943,0.000581759,-0.000383135
-0.000766443,0.000683515,-0.000282815
-0.001736411,0.000988601,-0.000542626
-0.002086081,0.000669779,-0.000302784
-0.001827026,0.000680206,-0.000418773
-2.57E-05,7.49E-05,-0.000440007
0.000253023,0.000138358,-0.00052396
0.00051637,0.000480204,-0.000705648
0.000900498,0.000259913,-0.00013499
0.000859351,0.000389957,-0.000102463
0.001566016,0.000733396,-8.29E-05
0.000859908,0.000524884,1.96E-05
0.000911416,0.000519835,-0.000177817
0.000359291,0.000270451,-0.000216873
0.000337039,-9.82E-05,-8.28E-05
0.000747562,0.000785374,0.000337121
0.000687641,0.000759556,0.000259238
0.001283068,0.001285303,0.00034539
0.001901702,6.31E-05,0.000469846
0.003178094,-0.000569639,0.000496396
0.003444356,-0.001064915,0.000520211
0.003614748,-0.001802698,0.000534989
0.003147001,-0.001160998,0.000245012
0.002987498,-0.000428461,-3.88E-05
0.001744248,0.000166047,-0.000195397
0.001457726,0.000723589,-0.000134353
0.002250394,-1.84E-05,0.000104624
0.002196393,-0.000485771,-6.06E-06
0.001794981,-0.000609786,-0.000238706
0.002076254,-0.000474084,-3.86E-06
0.0021884,-0.000135822,-0.000107809
0.00269221,0.000268799,-0.000315962
0.002615069,0.000324912,-0.000240635
0.002080989,-0.000506288,-0.00048122
0.001340359,-0.001119644,-0.000611983
-5.34E-05,-0.001149777,-0.000233984
-0.001670656,-0.000630861,-0.000442127
-0.002258694,0.000191328,-0.000169188
-0.002424717,0.000196014,-0.000403172
-0.002380892,-0.000451069,-0.000104859
-0.0026431,-0.000906187,-0.000126897
-0.003448087,-0.001440445,-0.000209818
-0.00481894,-0.001082059,5.48E-05
-0.004741545,-0.000576229,0.00014104
-0.004639869,-0.000814055,0.000306299
-0.005296759,-0.000509901,0.000499326
-0.005071132,-0.000391369,0.000533626
-0.0044022,-0.000959328,0.000745135
-0.003508459,-0.000422799,0.000488047
-0.003597647,-0.000429073,0.000289136
-0.002798148,-0.000287042,0.00018078
-0.0025105,0.000447446,0.000335576
-0.001146244,0.000400506,0.000605255
-0.000750791,0.000800061,0.000593665
-0.000902858,0.000382116,0.000540106
1.75E-05,0.00026975,0.000345441
0.000359844,0.000371196,0.000159038
0.000485674,0.000590431,0.000148647
0.000970407,0.000445684,0.000253549
0.001604917,0.000632529,0.000283358
0.001698203,4.74E-05,0.000200759
0.002473458,0.000486217,0.000201451
0.001551305,0.00037065,-4.30E-05
0.001495754,0.00067157,-7.04E-05
0.001208678,0.000459374,-8.44E-05
0.001708494,0.000859551,-0.000188794
0.001730917,0.001258741,-0.000188172
0.002176436,0.00169929,-0.000421736
0.002944586,0.000952961,-0.000534387
0.002342105,0.000150836,-0.000509294
0.001530192,-0.000718361,-0.000591715
0.00160737,0.000239299,-0.000615132
0.001779896,-0.000404158,-0.000463708
0.001842357,0.000155848,-0.00048921
0.002307729,-0.000227886,-0.000435826
0.001722049,0.000636293,-0.000300862
0.000962406,-0.000316456,-6.21E-05
0.000776716,-0.00098225,-0.000298106
0.000125539,-0.001441275,-0.000300507
0.000295214,-0.001125934,-0.000400337
0.000603374,-0.001115754,-0.000186976
0.001330428,-0.00056409,-0.000195279
0.001360336,-0.000371113,-0.000298641
0.000664017,-0.000208078,-0.000191987
-0.000153916,-0.000197631,-0.000274625
-0.000772428,-0.000814852,-0.000241845
-0.001199723,-0.000934701,-0.00019814
-0.001733401,-0.000783658,3.10E-05
-0.002920195,8.29E-05,0.000120383
-0.002187493,0.000658276,0.000100082
-0.001218813,0.000608715,8.60E-05
-0.001398347,0.000151707,0.00016861
-0.001402774,-0.000128049,0.00034373
-0.002034169,-0.000324563,0.000345476
-0.00241782,-8.78E-05,0.000264935
-0.002576423,0.000297694,0.000453238
-0.003244095,0.000943774,0.000670468
-0.003900686,0.000658313,0.000600047
-0.004385853,-0.000489563,0.000354936
-0.004641681,-0.001399083,0.000449562
-0.004404123,-0.001878426,0.000395369
-0.003418206,-0.001508903,0.000123524
-0.00185374,-0.000919202,0.000305103
-0.001199425,0.000230903,0.000187816
-0.000811359,0.000394123,0.000284555
-0.000928613,0.000102984,0.00033721
-0.000286614,-4.62E-05,7.31E-05
0.000476803,0.000234365,-5.53E-05
0.001124827,0.000248235,-0.000160108
0.001025643,0.00035783,-0.000303367
0.001745254,3.65E-05,-0.000107958
0.000606025,-0.000607729,4.09E-05
0.000879168,-0.001053107,-4.60E-05
0.00218083,-0.001353635,-4.15E-05
0.002719234,-0.001278014,-0.000113998
0.00323755,-0.001046033,-5.52E-05
0.002472863,0.000119229,6.79E-05
0.002371723,0.000493834,-5.82E-05
0.001902079,0.001058305,-0.000207543
0.001255655,0.000511004,-0.000129511
0.001210683,0.000684797,-0.00016063
0.00052835,0.000371414,-0.000389578
0.001288745,-7.90E-05,-0.000105074
0.00135083,-0.000502471,-0.000160983
0.001575026,-2.74E-05,-6.60E-05
0.001049044,7.16E-05,-0.000180564
-8.32E-05,0.000493533,-0.000151911
-0.00042366,0.000706889,-7.89E-05
-0.000948538,0.00117399,-0.000272592
-0.000977862,0.002278878,-0.000513539
-0.001219042,0.002007451,-0.000210747
-0.001293951,0.001586723,-0.000441632
-0.001672559,0.001136155,-0.000194462
7.95E-05,0.000649093,-0.000331816
0.000520575,0.000178207,-0.000165193
0.000757095,-0.000138646,-0.000440076
0.001428409,3.59E-06,-0.000540377
0.001715249,-7.12E-05,-0.000371941
0.000852996,-0.000624113,-0.000161084
0.000459537,-0.000882789,-9.39E-05
0.000563056,-5.51E-05,0.000134919
0.000152,-7.09E-05,-0.00037618
0.000334667,0.000764744,-0.000288245
0.00011746,0.000880916,-0.000182418
-0.000272945,-5.41E-05,-0.000424868
0.000114589,0.000351826,-0.000198509
0.000198388,0.000272087,-0.000452727
-0.000621422,0.000631041,-0.000246588
-0.001256491,-0.000249455,-0.00017582
-0.000178634,0.000109653,-0.000211047
0.000704956,-0.000831382,0.00010435
0.000888012,-0.000535169,-0.000313125
-0.000194691,-0.000420525,-0.000342269
-0.001030229,0.000143552,-0.000417221
-0.002072017,-0.000150035,-0.000267362
-0.002224833,-0.00063933,2.54E-05
-0.002720339,-0.001412902,-6.16E-05
-0.002354709,-0.001834129,0.00026106
-0.001153153,-0.001217318,9.13E-05
-0.000990992,-0.001497531,0.000197834
-0.001324349,-0.001057869,0.000272577
-0.002004545,-0.000908795,6.89E-05
-0.002377099,-0.000308992,0.000296231
-0.001642696,-0.000475699,0.000375651
-0.00117313,-0.000557033,-6.36E-05
-0.001799665,-0.000852303,-0.000120015
-0.001343359,-0.000624416,0.000139494
-0.001119663,-0.00111999,4.92E-05
-0.000882666,-0.001101645,0.000314871
-0.000347288,-0.000960555,0.000601869
0.000102929,-0.000511141,0.000741582
0.000612881,0.000546035,0.000754559
0.000436934,-0.00033373,0.000554161
0.001287457,4.26E-05,0.000716049
0.000979949,-0.000334798,0.000284382
0.001648751,0.000158356,7.71E-05
0.002612224,0.000132316,0.000342183
0.002234972,-0.000224406,0.000264302
0.000448596,-0.000725687,0.000410009
0.000233421,-0.000529975,0.000515705
0.000114744,-0.000289631,0.000322749
0.000406901,0.000370307,0.000665595
-0.000184335,0.000609471,0.000657907
0.000484712,1.09E-05,0.000342648
-1.73E-05,0.000350207,0.000199841
-0.000828041,0.000495366,8.78E-05
-0.001531291,0.001062293,-0.000238289
-0.001238435,0.001216221,-0.00035779
-0.000679757,0.001356966,-0.000645906
0.000213008,0.001033692,-0.000499712
0.000317785,0.001145365,-0.000415329
-0.000184412,0.000890055,-0.000779275
0.000161101,0.001165372,-0.000738217
0.00064657,0.001105852,-0.001077829
0.00046114,0.000857959,-0.001132255
-0.000773464,0.000752894,-0.001076606
-0.000983998,0.000560007,-0.00082781
-0.001835563,-0.000193891,-0.000695561
-0.001240401,-0.000192279,-0.000854939
-0.001104636,0.000119833,-0.000693407
-0.001234144,0.000456333,-0.000604668
-0.000560803,-4.66E-05,-0.000505279
0.000436203,-9.49E-05,-0.000404799
0.001456895,-0.000591142,-0.000247866
0.001479863,0.000279189,-9.37E-05
0.002671013,-5.22E-05,-2.09E-06
0.002559064,-0.000230122,4.09E-05
0.001440325,-0.001123724,9.12E-05
-0.000759051,-0.000555858,8.18E-05
-0.002117847,-0.000598404,0.000458418
-0.002924981,-0.000123199,0.000276396
-0.002453645,-0.000544612,0.000575002
-0.001674825,-0.00092089,0.000334252
-0.000569137,-0.000916194,0.000374091
-3.17E-05,-0.001163085,0.000426789
0.0002969,-0.000756501,0.000400393
-0.000140228,-0.000598146,0.000147514
-0.000274896,-0.000502607,0.000452352
0.00107307,-0.000366216,0.000507991
0.001894543,-0.000800274,0.000363873
0.002398072,-0.00129543,0.000323658
0.001400601,-0.001251318,0.00058375
-0.000243431,-0.000442154,0.00024123
-0.001408068,-0.000544477,0.000252844
-0.001720585,-7.58E-05,0.00053995
-0.001755403,0.000213666,0.000360569
-0.001391439,0.000684371,0.000202502
-0.001048774,0.000483053,5.74E-05
0.000166945,-0.000162035,-0.000102881
-0.000235889,2.68E-05,0.00015707
0.000431584,0.000576049,0.000203989
0.000263697,0.000633422,0.000259218
-0.000780747,-8.35E-05,0.000442648
-0.000831124,-0.000802224,0.000335341
-0.001306808,-0.0007526,-0.000131503
-0.000572788,-0.000757844,-0.000135546
-0.000420005,-0.000463995,-0.000295348
0.000467569,-3.97E-05,-0.000399827
0.001998375,0.000714227,-0.000550093
0.002717088,0.001218205,-0.00039684
0.002507769,0.000825575,-0.000239338
0.001795969,0.000486277,-0.000277653
0.000761989,0.001097312,-0.000325952
-0.000663344,0.000868023,-6.46E-05
-0.000360232,0.001087414,-0.000466006
-0.000677704,0.00066199,-0.000706339
-0.000431848,0.001292083,-0.000739934
-0.001266524,0.000656873,-0.000718356
-0.001545844,4.72E-05,-0.000874389
-0.002056944,-0.00095392,-0.000985051
-0.001650499,-0.000973839,-0.000929266
-0.002468966,-0.001244707,-0.000675038
-0.001851222,-0.000895168,-0.000415807
-0.002076142,-0.000420944,-0.000234232
-0.001053209,-0.000543033,-0.000280639
-0.000687156,0.000496405,-0.000217295
0.000630967,0.000693973,-0.000138007
0.001219305,0.000408363,7.91E-05
0.001872389,0.000906744,0.000188188
0.002173366,0.00048392,0.000125321
0.001517552,0.000170274,0.000346229
0.00116,-0.000207497,0.000112073
0.001179846,-0.000583178,0.000285307
0.000208692,-0.00069299,0.000502622
-0.001199088,-0.000899951,0.000501797
-0.002434927,-0.000410548,0.000730917
-0.002162156,0.000589523,0.000431722
-0.002019332,0.000618896,0.000419642
-0.001725079,0.00051634,0.000441475
-0.001133672,0.000413561,0.000141876
-0.001907008,-0.00039386,0.000299041
-0.000394985,-0.000426283,1.39E-05
-0.000906746,-0.000480566,0.000218109
-0.00020951,-0.000546874,0.000111373
0.000226934,8.60E-05,0.000176462
-0.000225956,-0.000170508,0.000286741
8.49E-05,-9.76E-06,4.01E-05
0.000210043,0.000591488,-2.95E-05
-0.000260372,-0.000264699,-0.000187809
-0.001181654,-0.000636201,-0.00037059
-0.001516858,-0.000507581,-0.000223639
-0.000543693,0.000172855,-0.00019264
-0.000330544,-0.000296984,-0.000390554
0.000804307,-0.000775608,-1.60E-05
0.00089304,-0.000959989,6.42E-05
0.000214564,-0.001368602,0.000250799
0.000784694,-0.001127705,0.000449564
0.0002682,-0.001000895,0.000335177
-0.001306321,-0.001097213,-4.41E-05
-0.000682442,-0.001055908,-7.32E-05
-0.001241636,-0.001017726,0.000110449
-0.001159854,-0.000661578,7.38E-06
-5.16E-05,-0.000264613,1.84E-05
-9.22E-05,0.000279444,8.22E-05
-0.000343312,-0.000334165,-3.24E-05
0.000274894,-0.000362632,0.000127367
0.000167832,0.000333123,0.000108115
0.000928247,0.000276936,-6.00E-05
0.002054657,0.000662815,1.13E-05
0.001612626,0.000424517,-0.000139084
0.001657916,4.99E-05,1.92E-05
0.002035306,4.38E-05,0.000233319
0.001850696,2.75E-05,-0.000292946
0.0012478,-0.000267654,-0.000374942
0.001783984,4.00E-05,-0.000570419
0.001888156,0.00049899,-0.000568359
0.000976094,0.000631164,-0.00065384
-0.000896797,0.001243226,-0.000449378
-0.001042805,0.000982144,-0.000306357
-0.000500948,0.001176937,-0.000129885
0.000829777,0.000164192,-0.000156875
0.000586305,5.99E-05,-0.00030343
0.001002331,-0.000275419,-0.00046456
0.000797393,0.000779713,-0.000351641
0.000968828,0.001205701,-0.000254427
-0.000479126,0.000892842,-0.000346771
-0.00044339,0.00083558,-0.000452268
0.000967361,0.000226926,1.53E-05
0.000913702,0.000178539,-0.000250521
0.000498047,-0.000263451,-7.93E-05
0.000714603,-0.000179706,0.000228409
0.000593425,-0.000265564,0.000413857
-0.000523461,0.000286597,-1.66E-05
-0.001778773,0.000905223,0.000414654
-0.003319076,0.001210579,4.98E-05
-0.002846311,0.000838068,0.000414569
-0.002738936,0.00037558,0.000631778
-0.001210344,-0.000302033,0.000293
-0.000287757,0.00019751,7.90E-05
0.000391305,-6.07E-05,0.00012975
0.000396485,-0.000455976,9.76E-05
-0.000909276,-0.001177902,5.84E-05
-0.002169463,-0.001602811,9.39E-05
-0.003293192,-0.001559814,0.000234447
-0.003363825,-0.001480737,1.53E-05
-0.003247321,-0.001189937,-0.000115344
-0.00273931,-0.000575192,-0.000421136
-0.00259322,-0.000636117,-0.000344105
-0.001639195,0.000218967,-0.000119435
-0.000515903,-0.000179231,-3.71E-05
0.000376878,-5.33E-05,8.96E-05
-0.000408011,-0.000514253,-0.000144256
-0.000975819,-0.000983966,8.90E-05
0.00072963,-0.001071258,9.80E-05
0.001340778,-0.001489661,0.000102313
0.000445659,-0.001183101,1.13E-06
-0.000946055,-0.000754757,-0.000149172
-0.001450837,0.000104828,-0.000369511
-0.000694887,9.63E-05,-0.000157242
0.000340692,-8.61E-05,-0.000330846
0.00118561,5.03E-06,-0.00014961
0.001671091,-0.000244233,-4.20E-05
0.001995288,0.000738899,-0.000104591
0.00131343,0.000269343,0.000171898
0.001232432,0.000298624,0.000305843
-3.95E-05,0.000118225,0.000376867
0.00027975,4.02E-05,0.000530395
0.000440751,-0.000558295,0.000147029
0.0007367,-0.00123738,-0.000241107
0.001183592,-0.000844502,-0.000317197
0.001562901,0.000550299,-0.000750178
0.001116146,0.000575221,-0.00048638
0.000919059,0.000789833,-0.000362971
0.000632957,-0.000303758,-0.000166785
-0.000119307,3.25E-05,5.09E-05
0.00135671,0.000377299,3.02E-05
0.001761735,0.000404937,-8.50E-05
0.002530932,0.000497411,-6.74E-05
0.000245964,0.000749241,0.000304406
-0.000890835,0.000772337,0.000466495
-0.002436191,9.56E-05,0.000471307
-0.003293912,-0.000472488,0.000333686
-0.002288471,-0.000366093,1.52E-06
-0.00099712,-9.94E-05,-0.000239042
0.000717938,-0.000234488,-0.000578216
0.001320517,-0.001012979,-0.000402526
4.28E-06,-6.13E-05,-0.000163102
-0.001051768,0.00010513,-0.000114445
-0.001433189,0.000363111,-5.65E-06
-0.000687155,-0.000850851,0.000133864
-0.00033915,-0.000463958,0.000169989
0.000374865,0.000153727,-9.07E-05
0.000917083,0.000256299,-8.38E-05
-0.000865462,-2.92E-05,-0.000214237
-0.002531599,0.000152974,-0.000287021
-0.002250888,0.001066898,-7.49E-05
-0.001476005,0.000903564,-5.87E-05
0.000456171,0.000749063,1.13E-06
0.000241619,-0.000194269,0.000376421
-0.000739026,-0.00089468,0.000423929
-0.001473614,2.39E-05,0.000521377
-0.002795473,0.000283242,0.000414871
-0.002215817,0.000600892,0.000188624
-0.001448999,0.000831817,-0.000271783
-0.001507785,0.001218838,-0.000180902
-0.001147329,0.000820201,-0.000189816
-0.000879285,0.000499175,-7.93E-05
-0.001826376,0.000171435,-0.000168991
-0.000574324,6.14E-05,-0.000459941
-0.000633489,-0.000796452,-0.000300638
-0.00049815,-0.000883568,-0.000372817
0.000530075,-0.001081471,-0.000487752
0.000581607,-7.58E-05,-0.00022463
0.001263124,-0.000347179,-0.000356783
0.001395404,-0.000279665,-0.000146165
0.000328826,0.000202051,-0.000188548
0.000770925,0.000830831,2.53E-05
0.00133081,0.00132239,0.000132756
0.000764337,0.000686076,0.000486351
0.00146189,-4.74E-05,0.000408625
-0.000144703,-0.00054251,0.000301161
0.001004936,-0.001316107,0.000144447
0.001258917,-0.002247507,0.00029491
0.001248203,-0.002149083,0.000162974
0.000809498,-0.001467499,-0.000324065
0.001760837,-0.001525353,-0.000348402
0.002251146,-0.00174879,-0.000505405
0.003545468,-0.001290737,-0.000500591
0.00152728,-0.000804425,-0.000266754
3.61E-05,-0.000236972,-4.25E-05
-0.001069151,0.000569913,-0.00057281
0.000543338,6.89E-05,-3.59E-06
-0.00099698,0.000618854,-0.000108633
-1.20E-05,0.000148407,7.73E-05
-0.00038363,-6.91E-05,-2.69E-08
0.001159855,5.74E-05,-2.82E-05
-0.00031565,0.000169455,-4.80E-05
-0.001991963,-0.000379716,3.38E-05
-0.002838225,0.000376554,-8.18E-05
-0.002462305,0.00048344,-0.000397111
-0.00237795,0.000696423,-0.000297925
-0.001047111,0.000747883,-9.16E-05
-0.001000723,0.000781458,-7.42E-05
-0.00050015,0.000340176,0.000188326
-0.000788966,0.000283846,0.00022034
-0.001790374,-4.07E-05,-5.10E-05
-0.002101581,6.19E-06,0.000146156
-0.001333647,0.001032702,8.29E-05
0.000306207,0.000725071,-0.000287872
0.001228003,0.000488455,-1.72E-05
0.001178741,3.66E-05,-0.000269721
0.000111086,-0.000814788,-0.000278405
-9.42E-05,-0.000170418,4.10E-06
-0.000442226,0.000952229,4.07E-05
0.000310767,0.000880605,-0.000214886
0.000572413,0.000805464,8.67E-05
0.001575504,0.000408337,0.000108796
0.00164737,0.000458326,0.000358473
-0.000984564,0.000902878,0.000490414
-0.002921865,0.000904551,0.000332633
-0.003837229,0.000602243,0.000332401
-0.002725635,-3.21E-05,0.000462854
-0.001700617,-0.000335158,0.000346421
0.000580985,-0.001315302,0.000247507
0.000854966,-0.001201646,0.000340049
0.000297634,-0.001189186,0.000348031
-6.67E-05,-0.001442085,0.000325219
-0.000107841,-0.001390286,-0.0001775
0.000887954,-0.000955259,-0.000153715
0.00053909,-0.000809354,5.09E-05
0.000110842,0.00011511,6.00E-05
-0.001456346,0.000275727,9.47E-05
-0.001827836,0.00082015,0.000163299
-0.003137137,0.000183309,5.02E-05
-0.00262564,-0.000720584,0.000105356
-0.002094421,-0.001627268,0.000141592
0.000421892,-0.001482419,0.000186098
0.000886047,-0.001570295,-1.46E-05
0.002087866,-0.001595559,0.000111973
0.000905337,-0.00103642,3.40E-06
0.001456822,-0.000785594,9.37E-05
0.000832007,-0.000499557,0.000189519
-0.000515697,5.01E-05,-0.000252181
-0.000615182,0.000608206,-0.000318094
-0.000322156,0.000725363,-0.000751926
0.00021438,0.000706609,-0.00066926
0.000685645,0.000312443,-0.000654766
0.001600815,0.00028346,-0.000121218
0.002214611,0.000257086,4.46E-05
0.004397245,0.000513724,0.000264468
0.004199911,0.00066886,9.87E-05
0.002777668,0.000750556,-0.000237248
0.002099329,0.000232296,-0.000269826
0.001173739,0.000135264,-0.000672737
4.29E-05,-8.10E-05,-0.000866545
-0.000324162,0.000122134,-0.000716423
-0.000315481,0.000615836,-0.000460979
-6.28E-06,0.000977532,-0.000547276
-0.00136405,0.000796795,-0.000454294
-0.001913894,0.000439351,-0.000214362
-0.000127011,0.000148627,0.000111668
0.000111434,8.22E-06,-5.47E-05
0.001195386,-0.000378616,-4.99E-05
0.001833139,-3.59E-05,9.11E-05
-7.59E-06,7.94E-05,0.000100875
0.00073192,0.000314661,-5.89E-05
0.000623721,-0.000135072,-0.000167989
0.000854669,-0.00079474,-0.000289259
-0.000491616,-0.001081346,-0.000228361
-3.48E-05,-0.000436859,0.000143806
-0.00187693,1.68E-05,0.000299116
-0.00100093,0.000290491,0.000223886
-0.00093963,0.00037509,0.000376391
9.40E-05,-0.000567434,0.000288092
-0.00019628,-0.00053891,0.000185632
-0.001063653,-0.000766592,0.000154695
-0.002979391,-0.001183386,1.47E-05
-0.003557576,-0.000831904,-3.75E-05
-0.002420342,-0.000131549,-1.63E-05
-0.002748543,0.000161267,0.000154293
-0.002184375,0.000812175,0.000176649
-0.001888448,0.001006152,0.000350056
-0.000881516,0.000716879,0.000167361
-0.000697991,0.000483234,0.000232509
-0.001315196,-6.50E-05,4.01E-05
-0.00207769,-0.00035367,0.000298291
-0.001552293,-0.000465509,0.000327151
-0.002020519,0.000279333,0.000390046
-0.001991566,-3.86E-05,0.000114117
-0.001951569,3.02E-05,-0.000417591
-0.001103388,-0.000206892,-0.000507606
0.000860276,-0.001176911,-0.000568545
-0.000424622,-0.001526817,-0.000569594
-4.37E-05,-0.000800398,-5.08E-05
-0.000170472,-0.000246547,0.000100731
0.000380863,0.000471249,0.000187943
0.000536411,0.000423735,-4.36E-05
-0.000268456,0.000536193,-0.00020163
-0.001349758,-1.91E-05,-0.000430238
-0.000947863,0.000112516,-0.000161434
-0.000794498,0.000233154,-0.000142838
0.000799225,0.000278767,3.48E-05
0.001197037,0.000746824,0.000230475
0.000108876,0.0001593,-0.000163825
0.00016948,3.99E-05,-0.000440373
0.001067217,-1.80E-05,-0.000442076
0.002116385,-0.000255445,-0.000253968
0.002600215,-0.00064651,0.000115661
0.002552209,-0.000638849,-5.18E-05
0.001757809,-0.001573774,0.000111664
0.002096968,-0.001153098,-0.000289355
0.001959241,-0.000763496,-0.000596364
0.002213206,-0.000272734,-0.000498327
0.002006642,-0.000339534,-0.000310444
0.001793368,-0.000410757,8.23E-06
0.001535899,0.000288813,-0.00026962
0.000776408,3.72E-05,-0.000183349
-0.000178428,0.000263791,-0.000382224
-9.25E-05,-0.000198296,-0.000104237
0.000295913,-0.000449025,-0.000213331
0.001125708,-0.000618247,-0.000158576
6.59E-05,-0.000568126,0.000221216
-0.000425051,-0.000500809,0.000204441
-0.00121711,7.13E-05,0.000375738
0.000432158,0.000492832,0.000169826
-0.000351594,0.000498943,-6.78E-05
-0.000559624,0.000610024,1.38E-05
-0.002321686,0.000380575,0.000272573
-0.001310138,3.23E-05,0.000224049
-0.001442071,2.31E-05,0.000265292
-0.000414447,-5.91E-06,0.000220058
-0.000810798,-0.000325912,4.90E-05
-0.001907277,-0.000332875,0.000143094
-0.002043916,1.98E-05,0.000314503
-0.002289009,0.000287141,0.000373699
-0.001795731,0.000344173,0.000243191
-0.001422158,0.000216233,0.000406857
-0.00069976,4.68E-05,0.000793375
-0.000865764,-0.000413813,0.000410907
-0.001934612,-0.000404814,-0.000148157
-0.002795721,0.000122392,-0.000269865
-0.002677772,0.000771392,0.00032551
-0.000807752,0.001193357,-0.000224075
-0.000934643,0.001353096,-4.03E-05
2.05E-05,0.001276397,-0.000129247
0.000649207,0.000371632,0.000187565
0.001462962,-0.000860385,3.01E-06
0.000759702,-0.000720894,-0.000410983
-0.000139122,-0.001070057,-0.000387955
-7.77E-06,-0.000865935,-0.000527738
0.001136798,-0.000761229,-0.000472105
0.001270043,-0.000878445,-0.000265237
-0.000396675,-0.001242442,-0.000200778
-0.001197197,-0.001170624,-9.86E-05
-0.00180089,-0.000603515,-0.000166463
-0.001413219,-0.000207676,-0.000470826
-0.001032785,0.000208439,-0.000328477
-0.000115313,3.46E-05,-0.000338484
0.001207263,-0.000206239,0.000229714
0.002630479,-0.000414287,0.000205873
0.001429171,0.000323382,0.000144417
0.000871229,0.000445602,-9.97E-05
0.002155327,0.000358944,-0.000134723
0.001833087,-0.000168977,-5.62E-05
0.001971772,1.32E-05,-3.64E-09
0.001526685,-4.13E-05,-0.000174924
0.002284192,-0.000162758,0.000285442
0.00120729,-0.00019946,0.00016032
0.000315201,0.000744205,-0.000383222
-0.001775719,0.000167985,-0.000631943
-0.001939731,5.45E-05,-0.000797396
-0.002395193,-0.000385755,-0.000516601
-0.002034198,-5.90E-05,-0.000398677
-0.000744014,-0.000534292,-2.34E-05
-0.00061397,-0.000459421,0.000230951
0.000871384,-0.000170567,-3.71E-05
0.001433416,-0.000180625,-3.40E-05
0.000942487,-0.000113142,-2.33E-05
0.001340515,-4.55E-05,0.00040741
0.000912978,-0.000638012,0.000163107
0.000394472,-0.000502575,-2.09E-05
-0.000629577,5.27E-05,-0.000408727
-0.001314885,-0.000262406,-0.0002008
-0.001419601,-0.000539274,-0.000767074
-0.001799436,-0.00047106,-0.000404626
-0.000805,-0.000620002,-0.000442066
0.000982152,-0.000381141,0.000178896
0.001278494,-0.000373069,9.22E-05
0.000880933,-0.000491862,0.00039187
0.000739658,-0.000493948,-1.88E-05
-0.000343288,-0.000368476,0.000219719
-0.000691908,-0.00058028,5.62E-05
-0.000555781,-0.000457861,-5.75E-05
-0.001161129,0.00012694,-5.29E-05
-0.00021852,0.000588045,0.000101029
-0.00018198,0.000527924,6.87E-05
0.00012999,5.14E-05,9.69E-05
0.001361666,2.78E-05,0.000238086
-0.000754196,0.000316811,0.000312471
-0.001147639,0.00038877,0.000826545
-0.000959691,0.000507037,0.000987822
8.03E-05,0.00040134,0.000802546
-0.000593374,0.000148837,0.00038877
-0.001172226,-0.000256718,0.000285355
-0.001775385,-0.000844108,-9.78E-05
-0.002855548,-0.000541112,-1.77E-05
-0.002530648,0.000191516,0.000169969
-0.001774973,0.000226742,-3.84E-06
-0.002100499,-0.000370238,-0.000355084
-0.002259913,-0.000606694,-0.000362414
-0.002041903,-0.000522895,-0.000148532
-0.001304901,-0.000409727,-1.79E-05
-0.000667407,-2.20E-05,0.000207772
0.000159382,0.00024044,0.000333542
-0.000565837,0.000609156,-6.22E-05
-0.000822061,0.000425691,0.000200642
0.000605568,9.91E-05,0.000279971
0.000929354,-0.000305069,9.98E-05
0.000870646,7.00E-05,-0.000107232
0.00097886,9.49E-05,-0.000128449
0.000168255,0.000244099,-0.00037247
0.000184123,6.84E-06,-0.000474453
8.34E-05,6.30E-05,-0.000351376
-0.000449887,0.000430699,1.47E-05
0.000254911,0.000520881,-2.90E-05
0.001076668,0.000772732,-0.000308989
0.00154915,0.001280968,-0.000483281
0.002101144,0.000835695,-0.00068277
0.00181369,0.000695525,-0.000510619
0.002359491,0.00022363,-0.000710895
0.000266342,-0.00081403,-0.00039601
-0.000352224,-0.000951813,-0.000354941
-0.00012896,-0.000819701,-0.000208461
0.001246058,-0.001093507,-0.000135982
0.002677492,-0.000380994,-0.000574351
0.001772883,-0.00010208,-0.000359179
0.001630913,3.71E-05,-0.000340381
0.000373678,0.000188044,-0.000498709
0.00037953,-0.000510997,-0.000339745
-0.000668307,-0.000192495,-0.000462828
-0.000489569,0.000180388,-0.000256494
-0.000401611,-0.00030058,0.000220403
0.000705669,-0.00096008,-0.000172254
0.001479202,-0.000937211,-0.000131542
0.002432339,-0.001594901,2.66E-05
0.001518179,-0.001228575,-0.000109883
0.000795868,-0.001225548,5.26E-05
-0.00024665,-0.000772866,-8.97E-05
0.000163882,-2.53E-06,-0.000246639
-9.31E-05,-9.11E-05,-0.000298734
-0.001115835,-1.50E-05,-4.61E-05
-0.002900703,0.000272459,-2.14E-05
-0.003522674,0.000571462,0.000475685
-0.003149568,0.000504782,-5.10E-05
-0.003006582,0.000544735,3.92E-05
-0.002599095,0.000650269,0.000375135
-0.000938021,0.000747534,0.000409271
-0.001053133,0.000590613,0.000526543
0.000396175,0.000285857,0.000430452
-0.000450566,0.000728915,0.000330406
-0.000336196,0.000953203,0.000451757
-0.001121461,0.000969849,0.000337041
-0.001969299,0.000832552,0.000330268
-0.002016569,0.00049704,0.000393414
-0.0031531,0.000366953,0.000339417
-0.002314775,0.000395541,0.000301057
-0.001215996,0.000281738,0.000173159
0.000182631,1.33E-05,9.14E-05
0.000598902,-0.000157957,7.45E-05
-0.000514021,-0.000386144,0.000118388
-0.000190063,-0.000628438,2.03E-05
-0.000445796,-0.000570231,2.12E-06
0.001304713,-0.000676184,-0.000167063
0.001038006,-0.000352598,-0.000221556
0.000940126,-1.04E-05,3.13E-05
0.000274883,1.13E-05,-3.20E-05
8.08E-06,-0.000147964,-0.000277425
-0.00134516,2.25E-06,-0.000466907
-0.002643243,0.000166784,-0.000145574
-0.001224877,-0.000302437,-0.000285515
0.001017389,-0.000204212,-0.000126961
0.001148054,-0.00074381,-0.000143273
0.001406262,-0.000518722,-0.000322025
-0.000328255,-0.000524449,-0.000339045
-6.25E-05,-0.001006057,-0.000395491
0.000600095,-0.000979514,-0.000407967
0.000978719,-0.000703978,-0.000215953
0.000814552,-0.00063198,-0.000162841
0.001480116,-0.000666769,-0.000123029
0.001941247,-0.000229218,-0.000208118
0.000516531,-0.000317615,-0.000756581
-0.001265186,1.25E-06,-0.000581517
-0.000697035,0.000144883,-0.00029716
-0.000390752,-0.000503147,-0.000123345
-0.000577873,-0.000329766,-0.000186675
-0.001780112,-0.00044508,0.000142196
-0.000266193,-0.000730887,0.000285017
0.000146448,-0.000377449,9.32E-05
0.000546729,-0.000365304,0.000116531
-0.001663115,0.000140696,-0.000272653
-0.000721007,0.0005579,0.000256342
0.000532493,0.000171132,0.000478513
0.000433779,0.00019657,-0.000203664
0.000163422,0.000211965,-0.000328965
0.000179551,0.000311649,-0.000343369
0.001676183,0.000516931,-0.000264335
0.001710606,0.000268432,-0.000242773
0.001584995,0.000136237,8.90E-05
-0.000340801,0.000268605,0.000289641
-0.001969304,-2.37E-05,0.00041879
-0.000118268,0.000193446,9.96E-05
0.00076439,-6.32E-05,9.76E-05
0.001423172,6.69E-05,0.000338549
0.001447661,0.000136536,0.000313615
0.002302098,2.54E-05,0.000302488
0.001615882,-0.000246833,0.000278817
0.000812015,-0.000489984,0.000313065
0.000129195,-0.000724775,0.000153504
0.000383038,-0.001000611,8.44E-06
-0.001379146,-0.00058731,-0.000345972
-0.002015786,-0.000343225,-0.000269934
-0.002041461,-7.82E-05,-0.000446915
0.000140478,0.000193033,-8.56E-05
-0.000659609,7.12E-05,-4.66E-05
-0.000749746,-0.000516474,-6.64E-05
9.57E-05,-0.00050489,2.44E-05
0.001429305,-0.000126541,0.000301344
0.002560155,-0.000149506,0.000204904
0.001147224,-0.000128306,0.000216567
-0.00051789,-0.000169905,0.000254784
-0.00100844,-0.00015836,0.000142491
-0.002523656,5.44E-06,-0.000235653
-0.004205376,0.000254654,-0.000116852
-0.004397431,3.50E-05,-0.000205293
-0.002951859,0.000281395,-0.000276921
-0.002826002,0.000360197,-0.00011779
-0.003173629,0.000788773,0.000299125
-0.002861515,0.000866453,0.000407222
-0.001560582,0.000816559,0.000115683
-0.000431665,0.000459532,0.000198475
0.001322334,0.000428717,-0.000115126
0.000243538,0.000362996,2.86E-05
0.001213194,0.000558607,-3.63E-05
0.000590349,0.000409374,9.64E-06
0.000335131,0.000152865,-2.56E-05
6.56E-05,0.000138571,-9.42E-05
0.000403373,0.000173894,7.72E-05
-0.00064114,8.80E-05,0.000382029
0.000463509,-6.32E-05,-0.000134256
0.000730046,0.000473409,-0.000101306
0.001326617,0.000615084,-0.000150556
0.001604695,0.000609599,-5.18E-05
0.001624509,0.000106333,-0.000164231
0.000761211,-5.99E-05,-0.000209025
0.000470246,-0.000109848,-0.000396904
2.13E-05,-8.91E-05,-0.000520719
-9.84E-05,-0.000343548,-0.000584706
0.00197338,-0.000366206,-0.00036873
0.001725522,-0.000359673,-0.000411905
0.000314345,-0.000106666,-0.000443511
-7.42E-05,0.000231478,-0.000286258
-0.001547501,0.000155252,-0.000119076
6.69E-05,2.17E-05,-0.000180036
0.001659769,0.000381955,-4.62E-05
0.001609616,0.000179683,-0.000158554
0.001656856,-0.00027273,-0.000279454
0.001178633,-0.000373629,3.14E-05
0.00095337,-0.000633822,0.000223205
0.001437549,-0.000378164,0.000360034
0.001670843,-0.000670728,0.00014859
0.001243583,-0.000442557,2.80E-05
-0.000155051,-0.000580941,0.000351587
-0.00048906,-0.000791896,0.00019103
-0.002451006,-0.000563574,2.77E-05
-0.002320811,-0.000618166,0.000170736
-0.002274385,-0.00126308,0.000338138
-0.003061677,-0.001188451,0.000418159
-0.002693317,-0.000775525,0.0004033
-0.002122849,-0.000153601,0.000430558
-0.001502461,-8.36E-05,0.00031131
0.000246462,-0.00060983,3.92E-05
0.000772541,-0.000476476,-8.87E-05
0.001444154,-0.000662811,-5.53E-05
0.00053931,-0.000833094,0.000454988
-0.00180259,-0.000347462,0.000685441
-0.003176473,-0.000276222,0.000393938
-0.002832774,-7.03E-05,0.000358495
-0.003066949,-0.000372205,0.000111714
-0.003241878,-0.000392488,0.000210245
-0.002006878,-0.000366383,7.83E-05
-0.001602359,0.000213548,-1.11E-05
-0.00116092,7.21E-05,-0.000159699
-3.19E-05,5.66E-05,0.0001941
0.001054558,0.000216123,0.000419212
0.001884672,-5.50E-06,0.000546495
0.001763186,-7.13E-05,0.000390102
0.000550612,4.95E-05,7.04E-05
0.000841979,9.81E-05,-2.02E-05
0.000997231,0.000825067,-4.80E-05
0.00126511,0.000539643,5.80E-05
0.001478033,0.000151904,-0.000257579
0.001541994,9.87E-05,-0.000558535
0.000848782,0.000654666,-0.000648575
0.000365467,0.00062621,-0.000756913
0.000178541,0.000844042,-0.000507133
0.000329487,0.000726866,-0.000322829
0.001230854,0.00085792,-0.000254323
0.001963763,-2.55E-05,-0.000241112
0.001380548,8.18E-05,0.000113946
0.000805374,-3.52E-05,-0.000251251
0.000543359,8.31E-05,-7.79E-05
-0.000259322,-4.41E-05,-6.78E-05
-0.000280698,-0.000133688,-0.000406637
-0.000548434,0.000219048,-0.000419353
0.000286136,-0.00020492,-0.000650518
0.000462834,-0.000522683,-0.000483407
-0.000273385,-0.000657978,-0.000448585
-0.001474563,-0.000516725,0.000112717
-0.002082507,-0.000474745,0.000205453
-0.00082684,0.000145584,-6.22E-05
-0.000120433,0.000331451,-0.00015829
0.000823223,0.00023494,1.27E-05
0.000908017,4.37E-05,0.000313111
-0.000211902,-0.000229723,0.000102596
-0.001195993,-0.000592189,0.00018355
-0.001813849,-0.000490306,0.000164353
-0.00230286,-0.000398383,4.83E-05
-0.001744235,-8.22E-05,-0.000189742
-0.000377362,0.000231787,-0.00047458
0.000453426,0.000302683,-0.000128074
0.001303073,1.82E-05,6.55E-05
0.002250104,-7.19E-05,0.000257623
0.001258777,-0.000425725,0.000356079
0.000743795,-0.000410114,-0.000186617
1.73E-06,-0.000321916,8.66E-06
-0.000570726,-0.000485216,0.000321975
-0.001099712,-0.000535466,0.000102656
0.000665829,-0.000717107,0.000169572
-0.000152117,-0.000843445,0.000216992
-0.000292845,-0.000385569,0.000322888
-0.000740275,-0.000445546,5.56E-05
-0.002467986,-0.000168353,-0.000288967
-0.003216716,-5.19E-05,-0.000308873
-0.001652515,-0.000484202,-0.000100584
-0.000301052,-0.000137827,-0.000161997
0.000587523,-2.10E-05,-0.000163582
0.001135213,-0.000264059,-0.000251409
0.000831199,-0.000542751,-6.54E-05
-0.000163211,-0.000691998,0.000128351
0.000109552,-0.00045335,-0.000412706
0.000552868,-0.000133261,-0.000200625
0.000724195,0.000254192,-5.83E-05
0.001633612,0.000237361,0.000191611
0.000788077,0.000110939,-6.99E-05
2.11E-05,0.000271707,-5.46E-05
-0.00013923,0.000354869,0.000341838
-0.000452944,0.000106119,0.000506612
-0.001205612,0.000264159,0.000254257
-0.001060033,0.000467271,0.00013861
-0.003220178,0.00049734,-0.000434404
-0.002088222,0.000130709,-7.19E-05
-0.001541551,0.000328278,0.000176152
-0.000391444,0.000391083,0.000199756
-0.000435641,0.000501176,0.000230326
-0.000399694,0.000478529,0.000520612
0.000179914,0.000744063,0.000434743
0.000498404,0.000564503,0.00018073
0.000374008,0.000335175,1.62E-05
-0.000535384,0.000357271,0.00013762
-0.000670409,0.000377136,-0.000237823
-0.001425082,0.000116952,-0.000452979
-0.000831764,0.000110113,-0.000436832
-0.001290882,0.000238598,3.61E-06
0.000245746,0.000143232,-0.000224549
0.00100672,0.000117226,-8.03E-05
0.001177994,-0.00027516,0.000122085
0.000796878,-0.000755023,0.000238667
0.000686924,-0.000444931,0.000617229
0.000251838,-0.00050628,0.000258012
0.000248297,-0.000595299,-0.000103583
9.07E-05,-0.000594503,-0.000398824
-0.000415522,-0.000875606,-0.0006307
-0.000322654,-0.000593104,-0.001133881
-1.64E-05,-0.000621374,-0.000703459
0.00060533,-0.000623119,-0.000656223
0.000517472,-0.000890669,-0.000520854
0.000449125,-0.000671682,-0.000732542
-0.000279746,-0.000747136,-0.000600292
-0.000971112,-0.001112377,-0.000332075
-0.00075195,-0.00109799,-8.02E-05
0.000362175,-0.000797994,0.000305717
0.00150461,-0.000456661,7.15E-05
0.002701898,-0.000385207,0.000378975
0.002772659,-0.000380345,0.000210968
0.002107663,-0.000489611,0.00024241
0.000610985,-0.000564512,0.000165138
-0.001407172,-0.000345571,0.000108375
-0.001425093,-0.000490324,-0.000187787
-0.001954207,-0.000141863,-7.06E-05
-0.001822997,1.83E-05,4.13E-05
-0.001816525,-3.46E-07,0.000341584
-0.001750244,-1.43E-05,0.000234889
-0.002382089,-0.000224852,0.000373786
-0.002144641,-0.000138871,0.000142322
-0.001020729,0.000103606,0.000268956
-0.000124209,0.000144113,-0.000122169
0.000198761,0.0005311,-0.000112312
9.58E-05,0.000498999,0.000340989
-0.000370936,0.000655709,0.000400709
-0.000701343,0.000593889,0.000123508
0.000699551,0.001182301,0.000164695
0.001097813,0.001182335,-0.000206122
0.000772236,0.00153428,-0.00017188
-0.000149484,0.001507764,0.000286118
-6.76E-05,0.001401457,0.00022623
-0.000165317,0.001056375,0.000183776
-6.80E-05,0.000189827,7.93E-05
-5.17E-05,-0.000408921,0.000203716
0.001170586,7.89E-05,0.00047889
0.000203703,-4.38E-07,0.000400426
-0.000122335,0.000510488,0.000283488
-0.000511659,0.000406829,-0.000357126
-0.000614076,-0.000209681,-0.000118523
-0.000765759,-6.94E-06,-0.000678011
-0.000697717,-0.000171561,-0.000342995
-5.45E-05,3.77E-05,-0.000487779
-0.00029399,0.00058444,-0.000565026
-0.00032689,0.000515428,-0.000768107
-0.000181968,0.000640193,-0.000381919
-0.001182994,-3.42E-05,-0.000237961
-0.000743415,-6.30E-05,-4.35E-05
0.000339687,7.53E-05,0.000119345
-0.000742017,-0.000164516,0.000391564
-0.001066058,-0.000481736,4.41E-05
-0.000928163,-0.000612306,-0.000380511
-0.001090668,-0.001079482,-0.000643218
-0.000463247,-0.001164757,-0.000660173
-0.000474235,-0.00122741,-0.000457261
-0.001101615,-0.001063652,-0.000624902
-0.001167004,-0.001094092,-0.000492009
-0.000568666,-0.000760151,-0.000348727
-0.001133394,-0.00084932,-0.000196408
-0.000668769,-0.000765936,6.24E-05
0.000635083,-0.000537714,0.000369983
0.001150662,-0.000615866,0.000439231
0.000731106,-0.000752645,0.00022939
0.000115304,-0.000414595,-5.45E-05
0.000227919,-0.000319298,6.35E-05
0.000492987,-0.000330766,0.000135863
0.000865451,2.27E-05,0.000202656
0.000856796,7.02E-05,0.000449098
0.000747965,0.000232234,0.000427656
0.000571524,0.000502136,0.000224995
-0.00020331,0.000313597,0.000282015
-0.001521956,0.000273252,8.69E-05
-0.000581239,0.000457128,-4.69E-05
0.000558872,0.000162785,0.000268365
0.000186581,-4.84E-05,0.000288287
-0.000944794,-0.000150505,0.000334187
-0.001264305,4.54E-05,0.00025382
-0.001331179,0.00019568,0.00015117
-0.000919424,1.60E-05,-0.000133548
-2.67E-05,9.71E-05,-9.09E-05
0.000287164,0.000165951,7.04E-05
0.000837785,1.64E-05,0.000110713
0.000494335,0.000264872,-5.46E-06
9.55E-05,0.000373085,-4.53E-05
-0.000603719,-8.44E-05,-0.000117571
0.000171748,-0.000168104,-0.000463922
0.000250054,-0.000385649,-3.56E-05
0.000515514,-0.000107041,-0.000156843
0.000329661,-0.000744201,6.98E-05
2.10E-05,-0.00076015,0.000257224
0.000841865,-0.000907538,-6.83E-05
0.001124527,-0.000944995,-0.000177344
0.001476453,-0.000877673,-0.000343195
0.002458345,-0.00082689,-0.000674253
0.002006912,-0.000946504,-0.00041832
0.001022728,-0.000400276,-3.84E-05
0.000524084,-4.61E-06,4.76E-05
-0.001731331,-5.50E-05,0.00025749
-0.002261064,0.000149991,0.000444593
-0.00170705,0.000171959,0.000236353
-0.002040698,-0.000126086,0.000213788
-0.00077939,-6.57E-05,-0.000110296
-7.12E-05,0.000411311,-0.000248367
-1.95E-05,0.000906591,-0.000373371
0.00022804,0.000470679,7.74E-05
-0.000813166,0.000629488,-8.60E-05
-0.0005494,0.000375725,-0.00015691
0.000140196,6.01E-05,8.46E-06
-0.000609891,-0.000207369,-0.000385921
-0.002053904,0.000412806,-0.000794886
-0.002582238,0.000482633,-0.000308855
-0.003141713,0.000438854,-2.79E-05
-0.00229084,0.000216591,9.72E-05
-0.002168409,-6.10E-05,0.000376082
-0.001211669,0.000134652,2.01E-05
-9.24E-05,0.000198997,-6.71E-05
-0.000391782,0.000236686,-3.64E-05
0.000150741,0.000405481,0.000163368
0.00072264,0.000449776,0.000175919
0.000818861,0.000627847,0.000319765
0.000851051,0.000528876,-3.16E-06
0.000901605,0.000363,0.00024035
0.001124481,0.000160863,-3.26E-05
0.001670639,0.000155931,-0.000161354
0.001418268,-2.29E-05,-0.000345649
0.000904563,0.000208135,-2.26E-05
0.001536635,-0.000289889,-0.000731582
0.001834632,-0.00059327,-0.000527965
0.002202444,-0.001361561,-0.000285614
0.001438857,-0.001932843,-2.17E-05
0.000639724,-0.001091527,-2.86E-05
0.0011233,-0.000941348,8.96E-05
0.000669254,-0.000988732,-8.11E-05
0.000274419,-0.000705531,8.74E-05
-6.23E-05,-0.000712147,3.40E-05
-0.000118542,-0.000455461,-0.000213695
-0.000698484,-0.000670925,-0.000241617
-0.001117149,-0.000887264,-0.00050911
-0.001498684,-0.000838725,-8.58E-05
-0.001222432,-0.000376094,-0.000311041
-0.000633707,1.53E-06,2.61E-05
-3.73E-05,-7.48E-05,0.000120567
8.88E-05,0.000219273,0.0001653
-5.55E-05,-0.000248627,0.000187523
0.000276401,-0.000209857,0.00012689
4.80E-05,-0.000424501,8.92E-05
-0.000560519,-0.000100052,4.71E-05
-0.000764339,-0.000470091,4.50E-05
-0.001271631,-0.000213292,-0.000103358
-0.001288569,-0.000333395,8.57E-06
-0.001588138,0.000108509,-0.000183881
-0.001922043,0.00054501,7.14E-05
-0.002142519,0.000784389,0.000265921
-0.001625468,0.000492456,3.90E-05
-0.001045797,0.000491729,-5.92E-05
-0.001203524,0.000569727,-0.000383904
-0.000457321,0.000829378,-0.000121123
-0.000780488,0.000931285,0.000161295
-0.000371812,0.001332516,0.000389919
0.000124907,0.00107237,0.00068294
-0.000652593,0.000864101,0.000387664
-0.000899506,0.000456383,0.000454643
-0.00076305,0.000246769,-3.94E-05
-0.001687619,-0.000189026,-0.000337161
-0.000615984,0.000601457,-0.00032531
-0.000465364,0.000582132,-0.000592714
0.000246516,0.000849906,-0.000377609
0.000672903,0.000726957,-0.000426671
0.000505946,0.000366624,-0.000197394
0.000330187,0.000424933,-0.00051172
0.000308146,-0.000137506,-0.00047677
0.000980886,0.000196066,-0.000340161
0.001237825,-5.47E-06,-6.94E-05
0.00041843,-4.72E-05,5.74E-05
9.74E-05,-4.60E-05,0.000146566
0.000517445,-3.49E-05,-0.00013392
0.000521453,-0.000118742,-0.000122584
0.000109458,-0.000449787,8.78E-05
3.33E-05,-0.000720496,0.000169356
0.000181513,-0.0006646,0.000179023
0.000518285,-0.000958715,-0.000126686
9.02E-05,-0.000923275,-1.12E-05
-0.000583195,-0.000975789,4.77E-05
-0.000956588,-0.000691532,9.03E-05
-0.001509548,-0.000782828,8.15E-05
-0.001790058,-0.000976235,0.000179614
-0.001053905,-0.000970867,5.03E-05
-0.000689653,-0.00115524,-8.01E-05
-0.000150353,-0.001317022,-0.000112422
0.000274056,-0.00130281,-3.93E-05
0.000238713,-0.000939478,-0.000126927
-0.001070727,-0.000825042,-0.000230102
-0.001030733,-0.000759938,3.95E-06
-0.000515099,-0.001053079,-0.000128736
-8.63E-05,-0.001034516,-8.38E-05
-0.000268153,-0.000776835,-0.000238248
-0.0002166,-0.000507027,-3.28E-05
-0.000174296,7.92E-06,-0.000233496
0.000115757,-0.000135155,-4.57E-06
0.00023405,2.48E-07,-0.000208302
0.000378949,1.15E-05,-0.000297778
-0.000103989,-0.000292539,-0.000211175
0.000730763,0.000207795,-0.000315001
0.001647291,0.000186541,-4.70E-05
0.00188144,0.000473263,-0.000124033
0.001468969,0.000370495,-0.000216077
0.000880065,0.000694592,-7.75E-05
0.000938487,0.000382369,-0.000164455
0.001201416,0.000360151,-0.00042456
0.001117851,0.000575256,-0.000164347
0.000564113,0.000449888,8.20E-05
6.59E-05,0.000441282,0.00036958
0.000262763,0.000537018,7.67E-05
9.23E-05,0.000586116,6.36E-06
0.000171218,0.000700318,3.07E-05
9.78E-05,6.86E-05,0.000182726
0.00054987,6.75E-05,0.000269987
0.001071376,-9.19E-05,0.000326427
0.000765908,0.000418215,4.63E-05
0.000127588,0.000399885,0.000259288
-7.90E-05,0.000114616,6.31E-05
-0.000207273,0.000388754,-0.000115949
-0.000352541,0.000266048,-7.45E-05
-0.000744999,0.000518664,0.000128643
-0.000695202,0.000650647,6.73E-05
-0.000668094,-3.50E-05,-3.29E-05
-0.000359526,-0.00023545,-0.000366887
0.000255507,-0.00041834,-0.000271528
0.000849661,4.53E-05,-0.000156226
0.000342325,1.14E-05,0.000104243
0.000426687,3.46E-05,0.000161362
9.16E-05,0.000220695,0.000153503
-0.000567573,2.06E-05,7.29E-05
-0.000828497,-0.000214305,-4.77E-06
-0.001440337,-8.31E-05,-6.57E-05
-0.00090903,-5.07E-05,0.000197505
-0.001362109,0.000298385,-5.69E-05
-0.000982864,0.000369878,0.000187958
-0.000936593,0.000247766,-0.000115617
-0.001535966,0.000383565,0.000150835
-0.001034487,5.31E-05,9.56E-05
-0.00153613,-4.83E-05,0.000130537
-0.002295952,-0.000182564,0.000344576
-0.002395345,0.000145224,0.000367325
-0.00146629,0.000264828,0.000259909
-0.000403874,0.000520727,0.00020514
-0.000368087,6.38E-05,-0.000132668
-0.001000519,-3.54E-05,-0.000260765
-0.001045546,-0.000291333,-0.000408269
-0.001694798,-6.58E-05,-0.000419397
-0.00152249,-0.000207012,-0.000458322
-0.000926498,9.24E-05,-0.00029598
-0.000285621,8.20E-05,9.19E-05
-8.41E-05,-0.000286379,1.41E-05
-0.001055453,-0.000495113,-2.96E-05
-0.000801873,-0.000460019,-0.000105474
-0.000568882,-0.000572048,0.000121245
0.000317126,-0.000731713,8.65E-05
9.01E-05,-0.000988202,-0.000116939
0.000405395,-0.000907056,-0.000367922
0.000440533,-0.001310688,-0.000516765
-0.000119671,-0.000759426,-0.000585629
-9.13E-05,-0.000332576,-0.000370529
0.000177586,-0.000368304,-0.000523245
0.00036851,-0.000425346,-0.000139863
0.001468502,-0.00035461,2.34E-05
0.000999834,-0.00045483,-0.000108333
0.000594182,-2.02E-05,6.64E-05
0.000116678,0.000292498,0.000157303
0.001038004,0.000297235,0.000183224
0.001371153,-0.000272087,0.000133756
0.001779523,-0.000436869,0.00038446
0.001482882,-0.000900144,0.000181997
0.001555931,-0.000985368,0.000416792
0.000204827,-0.00105218,0.000319295
0.000165042,-0.000493062,0.000186095
5.87E-05,-0.000595361,0.000168512
-0.00041425,-0.000522538,0.000562483
-9.13E-05,-0.000315214,0.000555289
9.95E-05,-8.21E-05,0.000336531
0.000418892,2.71E-05,-1.62E-05
-0.000488537,-2.19E-05,0.000299401
-0.000832576,-0.000107076,0.00012702
-0.001357331,0.000300679,0.000117833
-0.001388973,0.000497733,0.000155556
-0.00058407,0.000813661,-0.000145
0.000338964,0.000623139,-0.000149822
0.000443621,0.000300818,-0.000219019
0.000423148,0.000132762,-0.000204953
-0.000157952,-0.000195872,-7.36E-05
-0.000750156,0.000234686,-0.000130143
-0.001347771,0.000757634,-3.54E-05
-0.001188727,0.000507969,-5.64E-05
-0.000774718,0.000483245,-0.000210276
-0.000153386,0.000299975,-4.25E-05
0.000545487,0.000211092,-3.04E-05
0.000410397,0.000208423,3.55E-05
0.00061048,0.000177293,-0.000119514
-0.000268801,0.000112648,-0.000279432
-0.000689584,0.000300381,-0.000335998
-0.000667473,0.000378616,-0.000155867
-0.000339644,0.000319661,-0.000339039
-0.000811788,0.000265937,-0.000333217
-0.001282492,0.000602925,-0.000296422
-0.001521096,0.00015934,-0.000362963
-0.001593417,-0.000133117,-0.000108588
-0.000798907,0.00014506,-0.000204345
-0.001008461,-3.49E-05,-0.000184667
-0.000279284,-0.000488504,-9.82E-05
-0.00037552,-0.000708883,6.27E-05
-0.00046822,-0.000562234,-1.35E-05
-0.000288614,-0.000941137,-0.000153582
-0.000148628,-0.001321954,-0.000124648
-0.000604514,-0.000886947,-0.000415922
-0.00120825,-0.000986683,-0.000272166
-0.001303983,-0.000314722,-0.000106935
-0.000781054,-0.000273267,7.36E-06
-0.000482459,4.91E-05,0.000118836
0.000687803,-0.000129391,4.15E-05
0.000562173,-0.000175177,0.000169131
0.000532347,-0.00018995,0.000131052
0.000432506,-0.00014894,0.00029845
0.00054914,-0.000309929,0.000128797
0.000581072,9.80E-05,1.91E-05
0.000735327,8.00E-06,-9.54E-05
0.000931948,-0.000206864,0.00019637
0.000813849,-0.000419968,-6.08E-06
0.00043543,-0.000493564,4.36E-05
0.000617739,-0.000264907,-0.000186318
0.000878916,-0.000312449,-4.43E-05
0.001041739,0.000393249,-5.55E-06
0.000909525,0.000509864,0.000122191
0.001296807,0.0011755,-2.18E-05
0.000879294,0.000441451,-0.000378027
0.000954824,-0.000126068,-0.000275947
0.000655179,0.000456879,-0.000320438
0.000395387,0.000518218,-0.000148996
0.000159819,0.000574454,-3.15E-05
0.00022408,0.000822841,4.88E-05
0.000291409,0.000915351,3.72E-05
0.000886897,0.001104838,-0.000112231
0.00027173,0.000830187,-0.00022439
-0.000716304,0.000757976,-0.000301734
-0.001471437,0.001137879,-0.000213037
-0.000850139,0.000661917,-0.000171642
-0.001162365,0.000130608,-5.23E-05
-0.001386459,-0.000285856,-1.94E-05
-0.001163731,-0.000344358,-0.000250692
-0.001474428,-0.000820978,-0.000138495
-0.001323806,-0.00118663,-2.76E-05
-0.001170168,-0.001519771,-8.60E-05
-0.000820101,-0.002066851,8.34E-05
-0.001394113,-0.002310016,0.000112675
-0.001570953,-0.002963472,0.000508881
-0.001838322,-0.002279126,0.000278063
-0.00231422,-0.001777995,0.000484398
-0.001771294,-0.001440098,0.000178216
-0.001901996,-0.000779546,0.000255654
-0.001014332,4.60E-05,0.000283815
-0.000973562,0.000687428,0.000261895
-0.000477193,0.001508285,0.000203725
-0.000976498,0.001586172,-0.000130954
-0.001367238,0.001346903,-8.92E-05
-0.000703623,0.000893169,0.000130953
-0.000617504,0.001029969,0.000115824
7.28E-05,0.00101799,2.27E-05
0.000318241,0.001143953,0.000180847
0.000184691,0.000620758,0.000198999
-3.03E-05,0.000416807,0.000198742
-0.000654216,0.000268326,-2.37E-05
-0.000252208,0.000146891,-7.43E-06
-0.000327707,-3.30E-05,-2.77E-05
0.000569051,-0.000586458,-0.000125093
0.001144148,-0.000673139,-0.000125146
0.000620206,-0.001024431,-0.000108164
0.001078878,-0.000779456,8.25E-05
0.00154339,-0.000526432,-3.72E-05
0.002013864,-0.000698843,-2.84E-05
0.00238632,-0.000751155,3.98E-05
0.002890569,-0.000830927,-0.000117404
0.00281814,-0.001508208,5.25E-05
0.00256943,-0.001173654,-6.12E-05
0.001835522,-0.001099409,-3.36E-05
0.000226113,-0.001028666,-0.000330758
-0.000634845,-0.000595958,-0.000369319
3.66E-05,0.000191632,-9.58E-06
0.000419391,0.000545675,-0.000342568
0.000962296,0.001161549,-0.000229469
0.000502878,0.001662833,-0.0004034
-0.000219921,0.00182892,-0.000420264
-0.000171853,0.001486471,-0.000202421
-0.000177393,0.001060043,-0.000208842
0.000178967,0.000533615,-0.000361018
0.001401312,0.000643905,-0.000436982
0.000925813,0.000607161,-0.000315777
0.001196551,0.000581585,0.000109124
-1.24E-05,0.000600006,-0.000130234
-0.000323265,0.001251776,-0.000233147
3.29E-05,0.001399228,-0.000248502
-0.000344674,0.001101957,-0.000195133
-0.001376271,0.000661073,-0.000273066
-0.001896865,-0.000951149,-0.00011076
-0.002062113,-0.002315077,-0.000152848
-0.002477957,-0.00296931,8.77E-05
-0.002847407,-0.002944519,-0.000362656
-0.002706254,-0.002800671,-0.000151581
-0.00234718,-0.001581272,-0.000154988
-0.001583523,-5.31E-05,-0.000154541
-0.001470101,0.000966744,0.000129976
-0.001295975,0.001123345,0.000139864
-0.001267881,0.001030601,0.000121768
-0.001267315,0.000619458,-5.70E-05
-0.001437209,-0.000148128,4.22E-05
-0.001133665,-0.000461866,0.000123748
-0.000542289,9.44E-05,3.86E-05
-0.000629755,-2.37E-05,0.000158215
-0.000286739,4.43E-05,0.000109595
0.000508986,0.000345416,7.25E-05
0.000596335,-0.000296381,-6.90E-06
0.001038577,-0.000293535,0.000165408
0.001118821,8.28E-05,0.000377708
0.000785297,0.000230507,0.000340044
0.000511089,0.000195699,0.000321691
0.000517512,3.32E-05,0.000246247
0.00010617,0.000436819,9.26E-05
-0.000354546,0.001547812,-0.000140754
-0.000128471,0.001544809,-3.38E-05
0.000594213,0.001627311,-0.000194418
0.000184186,0.001319879,0.000105558
0.000217439,0.001211516,-0.000165851
0.000279727,0.00099156,0.000137873
5.13E-05,0.000323631,-6.58E-05
0.000487659,-0.000696719,-0.000103914
0.000631901,-0.001566134,-0.000259456
-8.15E-06,-0.001962206,-0.000249269
-0.000272626,-0.002296653,-0.000181286
-0.000550036,-0.001915626,3.66E-05
-0.000597735,-0.001110804,0.000143689
-0.001382949,-0.000951822,8.63E-05
-0.001678924,-0.00102489,-2.70E-05
-0.001515284,-0.001879088,-9.74E-05
-0.002070674,-0.001757981,-0.000189926
-0.001676456,-0.001316231,-0.00018744
-0.001561393,-0.000923631,-9.55E-05
-0.001527152,-0.001180194,-0.000181665
-0.000625582,-0.000968785,0.000204551
-0.000124865,-0.00059435,1.04E-05
8.30E-05,-0.00046272,-9.59E-05
0.000775412,-6.03E-05,-0.000190849
0.000385028,-0.000108213,-0.000104177
-0.000365823,0.00032643,3.94E-05
0.00026519,0.000689932,-4.64E-05
0.000856057,0.000647497,-0.000209661
0.001673367,0.001319559,-0.000255583
0.000839586,0.001931867,-0.00031985
0.001040988,0.001383446,-8.08E-05
0.000297793,0.001251953,-1.65E-05
-0.000143372,0.000556082,-9.82E-05
-0.00033848,0.000295665,-7.73E-06
0.000998023,0.000412377,-0.000124743
0.000937534,0.000585552,5.62E-05
0.000813495,0.000185528,-0.000129625
0.000210489,0.000391342,6.47E-05
-8.83E-05,0.000271776,-0.000162222
0.000463012,-0.000106912,-0.000328226
0.00045201,-0.000365571,-0.000142021
0.000808099,-0.000774675,-0.000147561
0.000494851,-0.001132228,-0.000149806
0.000747329,-0.001067913,0.000146916
0.001467221,-0.001792504,2.90E-05
0.00070551,-0.001814886,-4.25E-05
0.000813643,-0.002197368,1.30E-05
0.000491082,-0.00139012,-6.76E-05
0.000458999,-0.001021188,-2.48E-05
-6.81E-05,-2.52E-05,0.000184667
0.000143677,0.000867792,0.000130435
-0.000777195,0.001898856,4.11E-05
-0.001245779,0.002731414,-0.000117091
-0.002422897,0.002475533,0.000270159
-0.003635393,0.002174811,0.000185958
-0.002600015,0.001627891,0.000332787
-0.001850392,0.000997589,0.000263494
-0.001734512,0.00102454,0.000376779
-0.001279368,0.000584277,0.000226095
-0.000902216,0.000318214,0.00011786
-0.001067295,-0.000838263,-6.04E-05
-0.001091709,-0.001664705,-6.61E-06
-0.001712615,-0.001605169,7.41E-05
-0.001282384,-0.001513806,9.01E-05
-0.000869675,-0.000910587,-5.23E-05
4.62E-05,0.000158044,0.000276778
7.10E-06,0.000557849,0.000119103
0.000491798,0.000750572,-0.000220265
-0.000518644,3.44E-05,-0.000281657
-0.000742226,-0.00099709,-0.000249893
-0.000630749,-0.001910722,-0.000183258
-0.000364403,-0.001981378,-0.000410956
-0.000901205,-0.000857066,-0.000404573
-0.00078555,-0.000129681,-0.000266519
-0.000227834,0.000393405,-0.000164127
-0.000104182,0.000592924,-0.00019599
0.000821572,0.000402493,-7.45E-05
0.001288577,-0.000137703,-0.000368814
0.000940023,0.000215057,-0.000207884
0.001015071,0.000533237,-0.000379289
0.001025511,0.00156635,-0.000457602
0.001501934,0.001726278,-0.000351662
0.001818673,0.001807925,-0.00031862
0.002309984,0.001530159,-0.00026201
0.002312415,0.000819578,-0.000228587
0.001445259,0.000793097,-7.91E-05
0.001183389,0.000568736,-0.000377506
0.000188787,0.000321637,-0.000373773
-0.000179764,-0.000749485,-3.66E-05
0.001066863,-0.001775269,-0.000152985
0.00134401,-0.002159139,0.000192774
0.001689256,-0.002425804,4.01E-06
0.001504648,-0.002301564,-3.59E-05
0.000778795,-0.001039158,-0.000116766
0.000395219,-0.000376815,-8.60E-05
3.09E-05,-0.000624088,-7.79E-05
0.000345164,-0.000153915,-5.86E-05
0.000105253,-5.99E-05,0.00017336
-8.58E-05,-0.00017126,0.000363799
-0.000253069,-0.000153144,0.000310172
-0.000196392,-0.000292138,0.000303892
-0.000313871,-0.000766205,0.000230177
-0.000774391,-0.000913342,0.000394675
-0.001476541,-0.000262721,0.000403946
-0.001438045,-0.000461817,0.00058097
-0.002014846,-0.000132376,0.000356663
-0.001982578,0.000429319,0.000647163
-0.002049393,0.000574486,0.000468687
-0.001490903,0.000804386,-6.89E-06
-0.00155381,-8.46E-05,-4.57E-05
-0.0020679,-0.000451569,-3.85E-05
-0.002155508,-0.000604762,-1.50E-05
-0.002321377,4.74E-05,7.95E-06
-0.002264501,-0.000650322,0.000235856
-0.002117663,-0.000616957,-3.05E-05
-0.002085953,0.000255961,3.10E-05
-0.001752192,0.00062141,1.91E-05
-0.001579812,0.000308045,0.000245383
-0.00184408,-0.000451253,0.000251096
-0.001933888,-0.001092379,0.000240626
-0.001278912,-0.000146329,0.000237962
-0.000575659,0.000593587,-0.000140391
-0.000379362,0.000678607,-0.000141095
-2.07E-05,0.000237779,-0.000186895
0.000177264,0.00044645,2.32E-05
-8.38E-06,0.000179068,-0.000318375
-0.000570378,-0.000404143,-0.000481176
0.000335214,-0.001230567,-0.00043396
0.000190753,-0.000728188,-0.000492682
0.00143944,-0.000621685,-0.000365111
0.000951456,-0.000222659,-0.000567876
0.001204584,-0.000418548,-0.000516484
0.000834695,-0.000494935,-0.000407661
0.000642143,0.000164775,-0.000191393
0.000924992,0.000864662,-0.000377954
0.000948884,-0.000114617,-0.000114138
0.000686368,6.09E-05,-0.000111292
0.001273775,0.001358824,-0.000186198
0.001275529,0.00216353,-0.000277195
0.001095446,0.002272613,3.02E-05
0.000434064,0.001409192,-0.000144175
-0.000136547,-0.000127537,3.62E-05
-0.000163383,-0.000126206,4.88E-05
0.00076546,-0.000754022,0.000191494
0.000806335,-0.001262343,0.000376788
0.000938009,-0.001707591,0.000318577
0.000646328,-0.00120847,0.000123846
0.000537929,0.000231373,0.000252478
0.000966937,,7.23E-05
0.000872272,,-9.60E-06
1.83E-05,,-8.60E-05
-0.000500436,,-6.23E-05
-0.000803155,,3.67E-05
-4.85E-05,,3.06E-05
3.32E-05,,2.32E-05
-0.00024113,,-1.76E-06
0.000172814,,-5.60E-05
-1.83E-05,,0.000138411
-0.000126123,,8.43E-05
-0.000150632,,0.000165265
-0.000311065,,-0.000160178
0.000451783,,-0.000110678
0.000526454,,-3.74E-05
0.000710623,,-0.000297133
0.000817442,,-0.000258467
0.000204751,,-0.000295952
5.03E-05,,-0.000439476
-0.000195709,,-0.000539131
0.000395358,,-0.000211109
0.000698823,,-0.000370537
0.000887923,,-0.000258592
0.000109367,,6.45E-05
-0.000400066,,0.000129079
-0.000755573,,7.92E-05
-0.000291127,,9.88E-05
-0.000332978,,-6.79E-05
-0.000143326,,0.000142183
0.000169477,,0.000506534
-0.000491303,,0.000466885
-0.000792048,,0.000270412
-0.001316912,,0.000368776
-0.00105429,,-3.90E-05
-0.001648713,,-8.86E-05
-0.001681277,,-2.52E-05
-0.001665703,,0.000152183
-0.002489699,,0.00030433
-0.001752899,,0.000178215
-0.000639729,,-0.000136671
-0.000632255,,-3.21E-05
-0.000534589,,0.000142515
-0.00068526,,0.000173572
-0.000989607,,0.000288476
-0.00027364,,0.000141053
0.000654728,,1.12E-05
0.000463528,,2.81E-05
-0.000209023,,0.000101113
-0.000994148,,0.000211331
-0.001929807,,6.18E-05
-0.002058466,,0.000195775
-0.002006804,,-0.000200428
-0.001078999,,-2.37E-05
-0.001498235,,-8.98E-05
-0.001415833,,-0.000419976
-0.001042996,,-0.000554218
-0.000405203,,-0.000737538
-1.18E-05,,-0.00049439
-1.87E-05,,-0.000263599
-2.76E-05,,-0.000199267
0.000457097,,-0.000445621
0.001352347,,-0.000183858
0.001650915,,-0.000171053
0.00119409,,-0.00028407
0.000708893,,-0.000326486
-6.15E-05,,-0.000423184
-0.000145116,,-0.000117127
0.000422629,,2.88E-05
0.001227664,,5.71E-05
0.000872963,,-1.16E-05
0.000962017,,-3.12E-05
0.000929212,,-8.51E-05
0.000586622,,-0.00022685
0.000368717,,-0.000147261
0.000425046,,-0.000254897
0.000207911,,-0.000195643
0.000340678,,-0.00030271
0.000873912,,-1.57E-05
0.000910724,,0.000247391
0.001033643,,0.000276844
0.000711651,,0.000310948
0.000143978,,0.000132136
-5.09E-05,,0.000343295
0.000487314,,0.000215794
0.000183178,,0.00047828
-0.000759787,,0.000535476
-0.001222068,,0.000448905
-0.001140511,,0.000334845
-0.001723285,,0.000211472
-0.002561582,,6.02E-05
-0.002193284,,-2.49E-05
-0.002020143,,0.000302656
-0.000899812,,0.000313314
-0.000648161,,0.000336072
-0.000224368,,0.000287024
-0.000323127,,0.000154141
-0.000552412,,3.66E-05
-0.000363842,,4.60E-05
-0.000429217,,-1.56E-05
-0.00031724,,0.000172563
0.000299363,,8.96E-05
-0.000154038,,0.000116114
-0.000333081,,-1.12E-05
-0.001059662,,-6.58E-05
-0.001074334,,-0.00018279
-0.000836928,,-0.000226201
2.98E-05,,-0.000214604
0.000709475,,-0.000505488
0.001200909,,-0.00039208
0.002315438,,-0.000425656
0.001110077,,-0.000405131
0.000294324,,-0.000379891
0.001012872,,-0.00035052
0.000898376,,-0.000368047
0.000815415,,-0.000480757
0.001277172,,-0.00073849
0.001696565,,-0.000594224
0.001830063,,-0.000336574
0.001750368,,-0.0002646
0.001995268,,-0.000447384
0.002241401,,-0.000279817
0.001235834,,-0.000329641
0.000444161,,-0.000272267
-0.000225421,,-0.000180565
-0.000727982,,-0.000180032
-0.001717771,,-5.44E-05
-0.002543507,,-8.77E-05
-0.003162344,,0.0001751
-0.004308765,,-7.39E-05
-0.004895925,,-5.18E-05
-0.005615528,,0.000157569
-0.004455069,,0.00016293
-0.003785144,,0.000285857
-0.00312556,,0.000153776
-0.00138632,,0.000232184
3.56E-05,,0.000287788
0.001684209,,0.000281836
0.003174864,,0.000450238
0.003032674,,0.000273294
0.002067038,,0.000251714
0.001735429,,0.000187019
0.001788802,,0.000181521
0.00179804,,-8.70E-06
0.001904629,,-4.79E-05
0.001533469,,-2.14E-05
0.00081886,,6.11E-05
0.000455577,,7.54E-05
0.000175978,,-2.43E-05
0.000162399,,2.63E-05
-0.001189603,,0.000249064
-0.001377242,,4.33E-05
-0.001771317,,0.000157308
-0.00146974,,0.000197368
-0.000999235,,-0.000107365
-0.001156404,,-0.000216344
-0.001536328,,-0.00015862
-0.001720311,,1.12E-05
-0.002677975,,-0.000152092
-0.002182261,,3.38E-05
-0.002236878,,-0.000122313
-0.00185987,,8.45E-05
-0.00107663,,-4.82E-05
0.00018802,,6.53E-06
0.001505029,,0.000156686
0.002693238,,0.000150649
0.00327968,,0.000181268
0.003336116,,7.49E-05
0.003086017,,2.52E-06
0.001970389,,-0.000114655
0.001150648,,-3.03E-05
0.001235262,,3.05E-05
0.001081574,,0.000169189
0.001105992,,0.000104842
0.001586626,,2.09E-05
0.002406369,,0.000149504
0.002945834,,-2.72E-05
0.002383928,,1.79E-05
0.000996254,,-5.83E-05
-0.00178069,,-3.33E-05
-0.004324013,,3.02E-05
-0.005711011,,3.37E-05
-0.006075984,,-9.92E-05
-0.00550222,,-0.000284624
-0.003220682,,-0.000265349
-0.000327675,,-0.000151913
0.001981383,,-0.000429709
0.002473167,,-0.000375937
0.001813166,,-0.000458784
0.001116148,,-0.000224887
-0.000365846,,1.31E-06
-0.000948021,,-0.000134242
-3.06E-05,,-0.000197052
8.97E-06,,-0.000303798
-0.000155315,,-0.000187846
0.000483002,,-0.000165781
-0.000606643,,0.000327991
-0.000681983,,0.000134949
2.36E-06,,2.98E-05
0.00020427,,-0.000149109
0.000563814,,-0.000469121
0.00020504,,-0.000364036
0.001073967,,-0.000414309
0.003062795,,-5.31E-05
0.003285703,,-0.000186605
0.00297102,,-0.000171477
0.002662315,,-0.0003782
0.002263642,,-5.45E-05
0.002019599,,-0.000174571
0.00041767,,2.32E-06
-0.001528423,,0.000171961
-0.003232786,,0.000148995
-0.003950506,,0.000278449
-0.004597015,,0.000477005
-0.004124434,,0.000202073
-0.002605709,,-4.31E-05
-0.0021405,,-2.77E-05
-0.002022916,,3.38E-05
-0.003678495,,-5.57E-05
-0.00388355,,0.000201191
-0.002826305,,0.000257821
-0.001948564,,0.000187944
-0.002073546,,0.000235009
-0.002088969,,0.000308233
-0.001255833,,1.00E-06
-6.92E-06,,1.59E-05
-0.000278274,,0.000145273
-0.00026582,,0.000105109
0.000642604,,0.000270449
0.0012665,,0.00026297
0.001643908,,4.11E-05
0.002726771,,0.000123257
0.00435669,,0.000103528
0.003140911,,2.69E-05
0.002218898,,0.000125502
0.000762491,,4.62E-05
0.000565273,,-0.000272524
0.000751001,,-0.000223531
0.00103017,,-0.000187274
0.000446606,,-0.000421979
0.000314347,,-0.000439963
0.000341458,,-0.000102762
-9.28E-05,,-0.000475167
-0.00076644,,-0.00032582
-0.001359758,,-0.00015597
-0.00211667,,-7.77E-06
-0.002279411,,-0.000136351
-0.003941357,,-0.000139408
-0.004038959,,4.78E-05
-0.004353555,,-0.000104216
-0.002838766,,-0.000205493
-0.00185724,,0.000176652
7.82E-06,,3.35E-07
0.002246808,,-0.000138844
0.003895523,,-0.000331154
0.005136278,,-0.000440495
0.005235277,,-0.000124052
0.004046318,,-0.000198014
0.003495743,,0.00027783
0.002503292,,0.000376586
0.001949571,,0.000423466
0.001320391,,0.000188037
0.000425045,,-0.000185103
-0.001610767,,0.000309634
-0.003180246,,0.000229992
-0.003714871,,7.43E-05
-0.002969945,,0.000318078
-0.001571578,,0.000387208
5.52E-05,,0.000351565
0.001049859,,0.000309382
0.001489284,,0.000385791
-0.000164284,,0.000355975
-0.002063857,,0.000221921
-0.003729614,,9.29E-05
-0.003954234,,2.13E-05
-0.001516837,,-0.000371569
4.91E-05,,-0.000515111
0.000712152,,-0.000343946
0.001357547,,-0.000561146
0.001180172,,-0.0008325
-8.06E-05,,-0.001041219
0.000476961,,-0.001134321
0.00122428,,-0.00071345
0.003107203,,-0.000681095
0.003568404,,-0.000825417
0.003646376,,-0.000219825
0.002407262,,3.20E-05
0.001850516,,0.000384887
0.001613879,,0.000656375
0.000973444,,0.000696017
0.000338776,,0.000420257
-0.001391753,,0.000372229
-0.003189723,,0.000475059
-0.004864253,,0.000436175
-0.004941518,,0.000346486
-0.004608842,,0.0003007
-0.002104548,,5.56E-05
-0.000741391,,0.000172911
-0.00083701,,0.000180597
-0.000252819,,-7.24E-07
0.000119974,,-0.000221789
-0.000427603,,-0.000468974
-0.000451764,,-0.000380432
-0.000673794,,-0.000267069
-0.001571697,,-0.000119043
-0.00164704,,-0.000312167
-0.000568189,,-0.00035682
-0.000885956,,-0.000414111
-0.000203707,,-0.00049786
0.000889796,,-0.000590433
0.001415758,,-0.00052058
0.00125688,,-0.000330077
-0.00024055,,-0.000317199
-0.001123536,,0.00011795
-0.001144051,,0.000297481
0.000150486,,0.000594874
-0.001434571,,0.000556163
-0.001082812,,0.00064887
0.000155739,,0.000622685
0.001332964,,0.000426815
0.000365135,,0.000246337
-0.001454395,,0.000391708
-0.002038252,,0.000221922
-0.000334702,,0.000194923
0.001428871,,0.000170748
0.001103686,,0.000568672
0.000411506,,0.000475631
0.000435709,,0.000527684
0.000379018,,0.000326265
-0.000714854,,-0.000356285
-0.002447015,,-0.000946824
-0.001643117,,-0.001225338
-0.001592995,,-0.0011742
-0.000557631,,-0.001108941
-0.000692239,,-0.000658098
-0.000756579,,-7.12E-05
0.00054294,,0.000428385
0.001661811,,0.000523278
0.000233339,,0.000386777
0.000139641,,0.000233378
0.002569997,,5.79E-05
0.004330277,,-4.10E-05
0.004760266,,6.06E-06
0.003014815,,-0.000174978
0.000194296,,-0.000156693
-0.000673504,,8.47E-05
-0.001245375,,-7.52E-06
-0.002578386,,-0.000139908
-0.003565925,,6.44E-05
-0.002823198,,0.000124326
0.000393386,,0.000233257
,,-0.000296137
,,0.0002498
,,0.000678135
,,0.000767852
,,0.000678179
,,0.000613245
,,0.000409008
,,0.000452818
,,0.000150513
,,-0.000364202
,,-0.000615111
,,-0.000682443
,,-0.0010334
,,-0.000794289
,,-0.000544387
,,-0.000373335
,,-0.00029303
,,-0.000691807
,,-0.000775805
,,-0.000661106
,,-0.000372083
,,-0.000566477
,,-0.000416808
,,-0.000140602
,,-0.000119701
,,5.78E-05
,,-0.000106726
,,7.53E-05
,,0.000218936
,,0.000440445
,,0.000589243
,,0.000892879
,,0.000649297
,,0.000281993
,,0.00012474
,,0.000204833
,,0.000442628
,,0.00023432
,,9.80E-05
,,-9.95E-05
,,0.000136369
,,5.28E-05
,,-0.000137461
,,-0.000285122
,,-0.000423863
,,-0.000401313
,,-0.000793978
,,-0.00071059
,,-0.00085498
,,-0.000544105
,,-0.000420363
,,1.45E-06
,,0.000415651
,,0.000662032
,,0.001171971
,,0.001116814
,,0.000904062
,,0.000662037
,,0.000317206
,,0.000414754
,,0.000348774
,,9.87E-05
,,-0.000280399
,,-0.000502657
,,-0.000698065
,,-0.00060265
,,-0.000443924
,,0.000101221
,,6.75E-05
,,0.000421643
,,-2.93E-05
,,-0.000187206
,,-0.000743482
,,-0.000740533
,,-0.000109758
,,5.89E-06
,,0.000257453
,,-6.31E-05
,,0.000341038
,,5.68E-05
,,0.00021184
,,0.000323022
,,0.000643306
,,0.000759449
,,0.000639679
,,0.000687612
,,0.000376303
,,0.00031356
,,0.000183792
,,0.000252869
,,-0.000333116
,,-0.000721705
,,-0.000896885
,,-0.00114315
,,-0.000940359
,,-0.000488799
,,-0.000227069
,,-0.000244934
,,-7.37E-05
,,-0.000129464
,,-0.0002087
,,6.59E-05
,,-4.69E-05
,,-0.00010542
,,-0.000296581
,,0.000129898
,,-0.000285522
,,0.000116545
,,0.000368956
,,0.000410874
,,0.00030915
,,-3.54E-05
,,-0.000421311
,,-0.000238945
,,-0.000127934
,,-0.000128969
,,-0.000212351
,,0.00010892
,,0.000128418
,,-8.13E-05
,,-0.000277509
,,-0.000497125
,,-0.000235114
,,0.000364269
,,0.000173016
,,0.00023805
,,8.79E-05
,,3.99E-05
,,-8.50E-05
,,-0.000264603
,,-0.000542288
,,-0.00022851
,,-0.000175467
,,-0.000223545
,,-0.000161921
,,-2.31E-05
,,0.000343992
,,7.92E-05
,,-3.70E-06
,,0.000597016
,,0.00093343
,,0.000823178
,,0.000574916
,,1.54E-05
,,-8.90E-06
,,-0.000259495
,,-0.00037107
,,-0.000770207
,,-0.000797058
,,0.000279401