-6.48e-06,-1.15e-05,-7.68e-05
-0.000169747,9.01e-05,2.68e-05
-9.34e-05,7.16e-05,1.62e-05
-7.75e-05,9.33e-05,-0.000137982
-8.11e-06,1.48e-05,-9.83e-05
-3.01e-06,,0.000122903
-0.000102315,3.99e-05,-9.5e-05
-8.65e-05,-6.72e-06,-6.84e-05
0.000202063,1.29e-05,-0.000135804
-3.76e-05,-2.65e-05,0.000167128
-5.01e-07,-9.41e-05,-9.23e-05
-0.000109989,,8.12e-05
6.67e-05,-0.000139483,0.000194453
0.000123872,1.26e-05,7.83e-05
2.9e-05,-5.88e-05,7.68e-05
-5.19e-05,0.000123192,-9.08e-05
-0.000212143,,0.000100707
0.00013502,-0.000177954,-7.02e-05
,3.09e-05,-0.000138327
-2.41e-05,4.66e-05,6.54e-05
-0.000105338,0.00016287,-3.4e-05
-7.12e-05,0.000125177,-0.000100426
-6.76e-05,,3.13e-05
0.00021812,4.13e-07,0.000152851
8.16e-05,0.000157921,-3.26e-05
-7.44e-05,1.76e-05,2.11e-05
3.96e-05,2.15e-05,9.4e-05
-0.000146297,,8.33e-05
-0.000245018,2.9e-05,-0.000141598
0.000211017,-3.98e-05,5.76e-05
1.5e-05,-1.67e-05,7.88e-05
0.000186401,-0.000143859,-0.000122636
0.000182954,3.82e-05,6.95e-05
6.54e-05,,-5.59e-05
-3.18e-05,-9.49e-05,-9.34e-05
-0.00014681,-1.05e-05,6.51e-05
,-1.87e-05,2.15e-05
0.00018264,6.01e-05,-4e-05
-0.000206754,,0.000118815
-0.00018384,0.000141101,4.15e-05
2.59e-05,0.000123889,0.000259373
0.000121924,6.7e-05,-5.5e-05
0.0001178,-0.000140437,3.39e-05
-0.000156892,-1e-05,-0.000131919
7.06e-05,,2.02e-05
3.59e-05,-0.00015952,3.19e-05
-0.000123573,-7.86e-06,3.23e-05
2.74e-05,-0.000240509,-0.000133776
0.000239023,0.000115331,0.000182617
-2.9e-05,,-0.000100032
3.35e-05,-0.000159248,7.7e-05
-0.000158779,0.0001227,3.41e-06
1.2e-05,-3.46e-05,-1.02e-05
-4.85e-05,-3.62e-05,2e-05
-3.26e-05,9.12e-05,8.07e-05
,,0.000209358
6.73e-05,-2.43e-05,8.86e-05
-0.000139992,-0.000202069,3.64e-05
1.8e-05,2.78e-05,-0.000181506
0.00019275,-5.1e-05,-0.000121685
5.95e-05,,-2.86e-05
-0.000192658,-9.93e-06,-6.48e-05
0.000104863,8.23e-05,-2.43e-05
3.08e-05,-7.5e-05,-7.66e-05
0.000203841,3.13e-05,-6.84e-05
-4.31e-05,9.29e-05,0.000132336
0.000164748,,7.95e-05
-1.44e-05,2.54e-05,7.73e-05
-9.67e-05,-7.68e-05,-0.000206227
-0.000196895,-2.5e-05,0.000278181
-1.62e-05,6.66e-05,-0.000185722
-0.000106939,-0.000138916,-2.63e-05
-7.14e-05,,-6.48e-05
,-0.00015554,-3.81e-05
-4.21e-05,8.83e-05,0.000110204
0.000127371,9.35e-05,0.000119868
6.38e-06,-3.9e-05,0.000159645
7.88e-05,,-0.000149143
7.42e-06,0.000199818,3.81e-05
5.81e-06,0.000106362,-0.00019697
8.41e-05,-9.21e-06,2.69e-05
-4.8e-05,-0.000102292,5.89e-05
1.64e-05,9.96e-06,-6.36e-05
-2.43e-05,,-5.95e-06
5.3e-05,-6.06e-05,-1.49e-05
-8.03e-05,7.17e-05,5.16e-05
-4.45e-05,-6.66e-05,1.85e-05
5.25e-05,1.5e-05,-7.97e-05
-0.000263039,,0.00020769
0.000187405,-0.000131182,-3.1e-06
9.82e-05,-8.89e-07,5.08e-05
5.87e-05,-8.47e-05,9.31e-07
,7.29e-05,-0.000195445
9.98e-05,4.49e-05,-8.27e-05
-9.35e-05,,0.000119975
0.000123134,9.69e-05,9.66e-07
-0.000104954,-6.61e-06,-0.000166739
1.08e-06,2.1e-05,0.000161443
0.000119665,0.000176376,-4.05e-06
6.27e-05,,0.000104072
-8.01e-05,0.000119626,-5.89e-05
9.17e-05,-9.47e-05,-0.000132394
0.000113063,-0.000137567,-5.84e-05
-3.8e-05,6.34e-05,2.11e-05
0.000142457,-5.72e-05,-0.000195425
-7.35e-05,,5.26e-05
-0.000225874,-5.42e-05,-8.82e-06
4.75e-05,-0.000156527,-0.000134414
-7.62e-05,-0.000282873,3.01e-05
3.81e-05,8.35e-05,-0.000103127
,,0.000189673
-8.33e-05,-3.32e-05,0.000109277
0.000108326,-0.000153553,7.84e-05
-6.52e-05,3.66e-05,3.36e-05
-0.000256244,-0.000140502,2.33e-05
1.83e-05,6.01e-05,-9.77e-05
7.72e-05,,-9.8e-05
3.82e-05,-1.52e-05,3.64e-05
-9.89e-05,7.56e-06,-7.43e-05
-3.21e-05,-0.000191223,-8.24e-05
-8.52e-05,-0.000124192,7.24e-05
9.68e-05,,4.59e-05
-0.000192102,-0.000260686,0.000147478
3.09e-05,-0.000352105,-0.000157793
7.8e-05,0.000136895,-0.000183783
0.00021338,-0.000117362,-6.09e-05
-0.000118249,0.000480813,-3.74e-05
3.38e-06,,-1.38e-05
0.000128728,0.000508083,-3.55e-05
,0.000438398,-0.00014401
-8.88e-05,0.000329205,9.74e-05
7.85e-05,0.000329056,2.85e-05
5.49e-05,,5.45e-05
4.55e-05,-7.16e-05,-6.56e-05
1.41e-05,0.000351431,-1.3e-05
-8.35e-05,0.000154186,-5.3e-05
0.000112435,0.000210611,-0.000248687
-6.5e-05,8.05e-05,-0.00015536
-0.000153559,,-5.73e-05
-0.000122611,-7.04e-05,-1.02e-05
0.000109681,-4.73e-05,0.000186273
3.85e-05,-1.98e-05,7.41e-05
0.00016194,7.05e-05,-0.000131578
-7.13e-05,0.000427992,1.75e-05
-0.000268246,,-2.01e-05
-4.16e-05,0.000503676,9.75e-05
-9.48e-05,-5.75e-05,-0.000126282
,0.000118027,0.00017946
0.000147866,-0.000397328,8.44e-05
-1.16e-05,,3.32e-05
4.81e-05,-0.000200897,-0.00016484
5.86e-05,-0.000352281,0.000112127
8.46e-05,3.17e-05,-5.07e-05
-3.46e-05,0.000292392,-8.31e-05
-0.000124978,0.000134129,-0.000146221
-5.04e-05,,4.63e-05
-2.25e-06,-0.000233077,7.78e-05
-0.000133562,0.000150968,4.69e-05
8.61e-05,0.000670531,5.63e-05
-9.73e-05,0.00061484,-0.000116007
0.000150796,,-5.78e-05
2.31e-05,0.000558372,-0.000109023
-5.71e-05,0.000100062,7.14e-05
0.000217661,-0.000193483,2.52e-05
7.11e-05,-0.000111741,2.01e-05
3.03e-06,-7.98e-05,1.92e-05
,,0.000141046
8.58e-05,-0.0003717,0.000128531
-6.78e-05,-0.000690998,8.89e-06
-9.57e-05,-0.000912914,0.000134776
4.53e-05,-0.000615636,-2.76e-05
4.57e-05,,5.16e-06
-0.000247286,-6.97e-05,0.000111726
-7.58e-06,3.69e-05,-0.000260474
3.83e-07,0.000294122,-5.27e-05
-2.02e-06,-3.16e-05,0.000174207
0.000217543,-5.65e-06,4.62e-05
-3e-05,,4.16e-05
3.98e-06,0.000261789,-0.000110998
6.08e-05,0.000357255,4.5e-05
-8.18e-05,0.000556564,-0.0001168
-7.37e-05,0.0003719,-6.63e-08
0.000115059,,-2.33e-06
-4.17e-05,-8.25e-05,-0.000113409
,-6.55e-06,0.000150826
-1.96e-05,-0.000195408,-0.000162356
-8.47e-06,0.000197808,5.57e-06
0.000179278,0.000309121,3.47e-05
-1.73e-05,,-6.06e-05
-5.32e-05,6.93e-05,0.000144851
0.000124071,0.000307367,3.56e-05
-8.63e-05,0.000127769,-0.000192328
1.29e-05,-7.08e-05,3.88e-05
0.000123236,,5.73e-05
-0.000263735,-6.59e-05,-8.7e-05
8.36e-06,-0.000345615,8.57e-05
0.000104284,-0.000487088,3.28e-05
4.3e-05,-0.000514957,9.09e-05
-0.000155711,-0.000591072,-6.57e-05
0.000151553,,-4.53e-05
-7.47e-05,-0.000650867,-0.000104048
9.57e-06,-0.001082714,6.38e-06
3.95e-05,-0.001133435,0.000170046
,-0.001421253,-0.000158534
-4.42e-05,,-0.000170141
4.8e-05,-0.001500559,3.65e-05
-6.75e-06,-0.001621287,9.63e-05
-4.14e-06,-0.001099717,-6.02e-05
2.01e-05,-0.000647972,-6.95e-06
0.00011885,-0.000583956,-9.06e-05
-7.38e-05,,-4.7e-05
-2.8e-05,-0.000114764,8.76e-05
2.47e-06,-0.000254761,7.73e-05
0.000117303,7.16e-05,-0.000130166
-0.000138449,0.000326124,2.18e-05
9.57e-05,4.3e-05,6.61e-05
-0.000141034,,6.7e-05
-6.43e-05,-1.79e-05,0.000147959
2.73e-06,0.000241539,-0.00015325
1.48e-05,0.000163684,-8e-05
6.66e-05,0.000245861,8.83e-05
,,7.72e-05
4.45e-05,0.000573968,0.000121242
1.22e-05,0.000728427,5.91e-06
1.57e-05,0.000785375,-5.47e-05
1.38e-05,0.000602232,4.17e-05
4.2e-05,0.00087555,-0.000104262
-0.000104542,,8.91e-05
-1.89e-05,0.000970369,5.79e-05
-7e-06,0.000855596,6.58e-05
-3.58e-05,0.000666765,3.53e-05
0.000117228,0.000751714,1.33e-05
-9.31e-05,,5.84e-05
-3.77e-05,0.000420269,1.74e-05
0.00020461,8.67e-05,5.17e-05
-0.000154149,-0.000168168,-1.2e-05
-5.14e-05,-0.000148594,6.32e-05
-0.00016046,-0.000368449,0.000120109
2.71e-05,,-2.23e-05
3.32e-05,-0.000138949,-0.000127623
,-0.000227925,0.000110734
-9.23e-05,-0.000411825,-0.000162872
0.000103681,-0.000313086,0.00016377
5.57e-05,,5.17e-05
-4.73e-05,-0.000615239,-2.04e-05
9.6e-05,-0.000523095,3.03e-05
7.3e-05,-0.000559201,-8.44e-05
-0.00013894,-0.000142516,6.2e-05
9.77e-05,6.24e-06,6.5e-05
-0.00013998,,6.66e-06
-3.35e-05,0.000393019,-8.63e-05
-0.000166731,0.000398402,-1.71e-05
-0.000132941,0.000424381,-6.43e-05
0.000126702,0.000663814,1.51e-05
-8.94e-05,,-1.79e-05
9.33e-05,0.00067912,2.34e-05
-6.55e-05,0.000818155,0.000233379
-0.000247256,0.000975523,-9.41e-05
,0.0006271,7.45e-05
-0.000107787,0.001087114,-5.83e-05
-4.51e-05,,-0.000167592
-5.93e-05,0.001034941,-3.51e-05
6.88e-05,0.000736688,-8.45e-05
9.32e-06,0.000917155,8.87e-06
-9.66e-05,0.00058302,-1.12e-05
-2.34e-05,,0.000125877
1.06e-05,0.000675573,-6.88e-05
-0.000149324,0.000493316,-9.87e-06
3.84e-05,0.000274022,-8.36e-05
7.3e-05,0.000118413,5.42e-05
-0.000142029,-0.000223027,0.000212132
-3.25e-05,,9.58e-05
8.57e-05,-0.000382233,3.41e-05
5.3e-05,-0.001027833,0.00013226
-0.000243958,-0.000528201,-5.97e-06
5.58e-05,-0.000684358,1.34e-05
,,2.83e-05
0.000118058,-0.001109609,-1.95e-05
-0.000101574,-0.001275167,0.000133521
-0.000184089,-0.001186533,0.000165392
-1.11e-05,-0.001354761,3.67e-05
3.96e-05,-0.001136549,7.59e-05
0.000104169,,-9.77e-05
-0.000149564,-0.001683042,0.000146955
6.49e-05,-0.001987788,-1.82e-05
-8.59e-05,-0.001797868,3.58e-05
-0.000135871,-0.001837399,0.000109552
-3.27e-07,-0.002254218,-7.12e-06
0.000102453,,2.97e-05
0.00014911,-0.001808204,8.11e-05
-2.87e-05,-0.001675886,-5.42e-06
-0.000159119,-0.001820423,3.14e-06
-0.000120227,-0.001700573,-7.53e-05
3.76e-05,,0.000155098
3.39e-05,-0.001162195,0.000153274
,-0.001013938,2.85e-05
-9.53e-05,-0.000749916,7.29e-05
-3.73e-05,-0.000155267,2.86e-05
-0.000138441,-0.000191453,-7.4e-05
-3.37e-05,,0.00010018
6.71e-05,0.000216743,-7.3e-05
3.29e-05,0.00025476,4.97e-05
-8.7e-05,0.000411182,-9.82e-05
-6.76e-05,0.000684416,3.5e-05
-8.4e-05,,1.47e-06
3.9e-05,0.001131707,-2.4e-06
-2.58e-05,0.000957342,-2.15e-05
-2.13e-05,0.000756439,5.8e-06
0.000106925,0.000312058,-0.000115618
-9.05e-05,0.000335728,9.35e-05
0.000177593,,1.83e-05
-5.83e-05,0.000226114,-0.000110873
2.99e-05,0.000615634,7.46e-05
,0.000897359,-0.000182501
-0.000149254,0.001250862,-0.000137695
0.0001178,,-0.000105758
-6.72e-06,0.001161227,2.12e-05
-9.93e-05,0.001207466,-2.39e-05
0.000225606,0.001116185,6.26e-05
0.00016205,0.001394117,-1.73e-05
6.96e-05,0.001283789,-0.000122772
5.28e-05,,6.66e-05
-9.26e-05,0.00128209,7.98e-06
-8.6e-05,0.001046121,-0.000166156
-5.4e-05,0.001025727,-5.95e-05
0.000118949,0.000911693,-0.000100883
3.91e-06,,-0.000107691
-8e-06,0.000379922,5.08e-05
4.1e-05,1.21e-05,6.15e-05
-8.01e-05,0.00010855,-4.75e-05
0.000114246,8.87e-05,-0.000256052
4.92e-05,0.000295128,-6.89e-05
,,-2.16e-05
-4.36e-05,0.00018186,6.99e-05
4.48e-05,0.00012126,-5.89e-06
-0.000219881,-0.00014091,-0.00012764
-7.14e-05,-0.000208296,-7.53e-06
-6.85e-05,,0.000148512
-4.42e-05,-0.00038388,-3.07e-05
4.92e-05,-0.00059513,-4.19e-05
0.000126147,-0.000587278,-0.000103431
-0.000188732,-0.001029234,-6.55e-05
-6.5e-05,-0.001558228,-2.44e-05
-0.000112326,,0.000154268
0.00011139,-0.001357511,0.000105311
0.000116364,-0.001382725,4.95e-05
-6.59e-06,-0.001298579,7.04e-05
9.45e-05,-0.000977858,-1.75e-05
1.62e-05,-0.00080639,-9.75e-05
-9.53e-06,,8.25e-05
,-0.000779266,-8.82e-05
0.000138028,-0.000937067,7.87e-06
-3.79e-05,-0.000950388,-3.1e-05
5.51e-05,-0.001175654,-5.88e-05
-8.63e-05,,4.16e-05
-0.00012455,-0.001160497,5.7e-05
-0.000101815,-0.001172711,-1.26e-05
9.02e-05,-0.000632672,1.1e-05
7.87e-05,-0.00037796,-2.39e-05
8.38e-05,1.53e-05,3.29e-05
4.85e-05,,0.000219904
0.000119452,-0.00020394,3.62e-06
-2.42e-05,-0.000412682,4.43e-05
-4.48e-05,-0.000362832,4.31e-05
-0.000272765,0.000134668,-7.51e-05
-0.000194108,,4.47e-05
-8.66e-05,0.000789161,6.82e-05
-0.000114072,0.000482795,0.000159367
7.99e-05,0.000947145,-0.000202862
,0.001102999,1.82e-05
1.87e-05,0.001189697,-2.41e-05
3.69e-05,,-0.000131723
6.6e-05,0.001747946,-3.28e-05
-6.17e-05,0.001217009,7.21e-06
1.31e-05,0.001016158,1.48e-05
-0.000147852,0.000142373,-5.66e-05
8.86e-05,,-4.28e-05
3.98e-05,-0.000375518,-6.87e-05
-4.48e-05,-9.12e-05,-1.52e-05
9.21e-05,-0.00029708,3.48e-05
-3.37e-05,-0.000184047,7.94e-05
0.000367464,-0.000429576,0.000155246
-0.000129372,,0.000108745
-0.000143445,-0.000193857,3.5e-05
-1.03e-05,-0.000338766,-1.34e-05
8.73e-05,-0.000743842,6.2e-05
1.43e-05,-0.001042196,-2.71e-05
,,-4.6e-06
6.12e-05,-0.001047552,-0.000178722
0.000246217,-0.000997605,-0.000107978
-5.89e-05,-0.001174793,-4.17e-05
-1.84e-05,-0.000780401,6.71e-05
-0.000170321,-0.000729245,0.000200193
0.000133415,,8.04e-05
2.58e-05,-0.00069441,-0.00011318
-0.000176736,-0.000379606,-0.000174925
0.000188601,-0.000315117,7.92e-05
8.73e-05,-0.000369207,-4.93e-05
4.73e-05,,0.000119962
-1.25e-05,-3e-07,2.69e-05
-0.000118222,0.000213945,-2.1e-05
-0.000190753,0.000592223,-1.54e-05
-2.93e-05,0.001431849,-3.5e-05
6.72e-05,0.001394749,-4.31e-05
-5.82e-05,,6.64e-05
0.000102865,0.001315291,6.29e-05
,0.001179247,4.95e-05
-0.000109214,0.000757707,5.79e-05
8.55e-05,0.000357868,4.62e-05
-6.9e-05,,0.00013979
0.000167198,0.00074791,-5.36e-06
-0.000159621,0.000895057,5.85e-05
-2.09e-05,0.001349432,-0.000208256
0.000210729,0.001024774,-4.38e-06
-0.000157146,0.000771939,0.000246177
0.00015784,,3.24e-05
-0.000271998,0.00067346,-2.92e-05
-3.75e-05,0.000203677,0.000144022
-2.67e-05,0.00065964,4.86e-05
7.33e-05,0.000796323,0.000139963
-9.65e-05,0.000308719,-2.21e-05
-4.68e-06,,-0.000165685
0.000117231,-3.57e-05,-0.000196929
3.58e-05,-9.24e-05,0.000144776
,-0.000329052,6.5e-05
-1.3e-05,-0.000438396,0.00012187
-1.29e-05,,-0.000117489
5.75e-05,-0.00065107,-0.000132114
-9.63e-05,-0.000838482,0.00012218
0.000121967,-0.001206699,-5.12e-05
9.07e-05,-0.001229052,-0.000176042
5.56e-05,-0.001253065,2.14e-06
-0.000136769,,-6.14e-05
-1.08e-05,-0.0016235,-0.000157952
-8.13e-05,-0.001549834,0.000264267
2.32e-05,-0.00137806,-6.79e-05
-2.7e-06,-0.001169819,0.00027288
-5.55e-05,,5.23e-05
-9.88e-05,-0.001189083,8.61e-05
-6.63e-05,-0.000770404,-9.29e-06
1.54e-05,-0.000524606,-6.65e-07
1.88e-05,-0.000837496,-3.56e-05
7.57e-05,-0.000762637,2.31e-06
,,-3.25e-05
3.23e-05,-0.000838716,0.000173342
-0.000127974,-0.000880422,-9.53e-06
3.61e-05,-0.000605282,-9.09e-05
9.14e-05,-0.00026214,-2.34e-05
-3.86e-05,,3.06e-05
-2.1e-06,-0.000470292,-4.4e-05
7.7e-05,-0.000558274,-7.94e-05
-9.28e-05,-0.000375206,-7.69e-05
0.000108959,-0.000359947,5.6e-05
-0.000115958,0.000188189,2.8e-05
-0.000170397,,-0.000128373
0.000133886,5.96e-05,0.000147822
5.72e-05,0.000117773,7.78e-05
-0.000137863,0.000410313,-0.000130854
-0.000156411,0.000920392,0.000117092
0.000155194,,9.13e-05
0.000226192,0.000929549,-8.84e-05
,0.001003931,5.38e-05
9.11e-05,0.001019625,3.19e-05
-3.79e-05,0.001240941,-1.92e-05
-8.81e-05,0.001245025,3.4e-05
3.52e-05,,5.77e-05
5.33e-05,0.001450236,8.16e-05
0.000101176,0.001257706,9e-05
-0.000126256,0.001066196,0.000290527
0.000127502,0.000753114,-0.000120858
0.000140388,,2.38e-05
-1.58e-05,0.000688586,7.61e-05
0.000144439,0.000688192,7.95e-05
-6.44e-05,0.00054653,-1.89e-06
-6.27e-05,0.000595071,8.36e-05
-0.000500502,0.000943031,5.55e-05
-0.000353609,,-3.27e-05
1.99e-05,0.000317669,-3.56e-05
0.00010866,-0.000188666,3.21e-05
0.000869238,-0.000137815,0.000118998
,-0.000402894,4.31e-05
0.001123889,,-5.94e-05
0.000518422,-0.000403089,-9.15e-05
0.000552568,-7.24e-05,-3.52e-05
0.000686419,-6.88e-05,0.000163262
-0.000151394,-7.61e-05,-7.47e-05
0.000416785,-3.7e-05,-0.000133419
0.000472776,,-3.26e-05
0.00010717,-1.89e-05,6.79e-05
0.000550079,-5.13e-05,1.17e-05
-0.000342231,-0.000117156,-0.000142715
-0.00015943,-0.000454204,6.49e-06
-0.000152179,-0.00048924,-7.79e-05
0.000410457,,0.000190822
0.000706598,-0.000345773,0.000114032
0.000747392,-0.000512745,4.03e-05
-0.000113116,-0.000396634,-2.03e-05
2.55e-05,-0.000301392,-1.13e-05
,,2.47e-05
-0.000718171,-0.000759097,0.000142969
-0.000565722,-0.000705417,5.07e-05
-0.000421345,-0.000603353,0.000136616
0.000238682,-0.000437082,2.51e-05
0.000439622,-0.000634646,-1.08e-05
0.000456977,,-6.66e-05
-9.98e-05,-0.001153157,7.65e-05
0.000218158,-0.000766541,-5.91e-05
0.000814658,-0.000680935,-2.76e-05
0.001575395,-0.000293447,-3.03e-05
0.000570392,,-3.47e-05
9.63e-05,-0.000300307,-0.000112803
-0.00039448,-0.000561687,-0.000159259
-0.000258629,-0.000711624,-1.5e-05
-0.000139073,-0.001398405,2.82e-05
-0.000608517,-0.001012936,-0.000197342
-0.001196308,,-8.14e-05
-0.001394691,-0.000345762,-1.31e-05
,-0.000211094,-2.11e-05
-0.001060601,-8.43e-05,6.7e-05
-0.000445841,-0.000506394,3.59e-05
0.000349904,,-0.000206011
0.000324055,-0.000494653,6.35e-05
4.8e-05,-0.000582027,1.58e-05
0.000142865,-0.000829416,0.000122699
0.000210185,-0.000644432,2.86e-06
0.000612301,-0.000817342,-9.36e-05
0.001246229,,4.27e-05
0.000808806,-0.000794276,0.000282741
-4.63e-05,-0.000624344,-3.98e-05
-5.67e-05,-0.00036128,3.49e-07
-0.000214108,-0.000131115,-0.000170598
-7.21e-05,,-3.83e-05
0.000352465,-0.000454483,9.32e-05
0.000426662,-0.000932537,9.75e-05
0.000493788,-0.001124552,-8.83e-05
,-0.000987461,-0.000170886
1.97e-05,-0.000130996,0.000168765
-8.13e-05,,-4.77e-05
-8.16e-05,0.00013847,4.16e-05
-0.000820529,0.000294153,-8.18e-06
-0.001050626,0.00040788,-5.64e-05
-0.000798343,0.000504165,-7.06e-05
-0.001053088,,-7.74e-05
-0.001512072,0.000716833,1.17e-05
-0.001947569,0.000516962,-2.23e-05
-0.00206926,0.000500891,7.81e-05
-0.002563427,5.01e-05,5.03e-05
-0.002986026,0.000363276,5.39e-05
-0.003084996,,-6.21e-05
-0.002174035,0.000314823,2.95e-05
-0.001362464,0.000359899,-5.64e-05
-0.000789917,0.000489007,5.59e-05
-0.000312045,0.0009205,1.87e-05
,,-6.63e-05
-0.000238852,0.001486007,-5.73e-05
0.000415861,0.001570505,2.13e-05
0.000434134,0.001817639,2.39e-05
0.000319544,0.001583287,2.74e-05
0.000129529,0.001462122,-7.14e-06
0.000482123,,2.15e-05
0.000227212,0.000686278,0.000134889
0.00051569,0.000766184,7.6e-05
0.001582301,0.001131948,-0.0001514
0.001773327,0.001049397,3.11e-05
0.001678965,0.000985894,2.03e-05
0.000871089,,2.99e-05
0.001916322,0.001057611,-5.24e-05
0.001749053,0.001057109,-2.44e-05
0.001581847,0.001331074,-4.42e-05
0.001692951,0.001543194,3.77e-05
0.001508163,,1.59e-06
0.000898737,0.000908682,-2.17e-05
,0.000642291,-3.3e-05
-0.000290421,-0.000107839,-0.000101059
-0.000420895,-0.000654192,0.000107885
-0.000284524,-0.001214748,7.19e-05
-0.000586161,,-8.16e-06
-2.98e-05,-0.00118795,0.000107375
-0.000535787,-0.001184409,0.000125289
-0.00087459,-0.001149823,-0.000105612
-0.001082292,-0.001704465,5.54e-05
-0.001324298,,0.000115473
-0.001094479,-0.002383498,-2.22e-06
-0.00126958,-0.002306114,-9.97e-05
-0.000409589,-0.002488974,5.5e-05
0.000332187,-0.00273492,-4.63e-05
0.000972489,-0.002400938,9.05e-05
0.000965767,,-0.00016634
0.001214188,-0.002194466,1.06e-05
0.001329988,-0.001637413,-0.000129853
,-0.001731151,-2.14e-05
0.001683747,-0.001372958,-0.000114787
0.001447688,,6.57e-05
0.001729632,-0.001155192,-3.58e-05
0.001615692,-0.000676949,-9.02e-05
0.001729417,-0.000498491,-6.88e-06
0.001888207,-0.0005021,6.01e-05
0.001743079,-5.28e-05,0.000255479
0.001615126,,0.000155285
0.001138964,0.000129178,-0.000103098
0.001102497,0.000250613,7.81e-06
0.000988406,0.000308039,1.52e-05
0.000451294,0.000899469,-4.21e-05
0.000261779,,-3.46e-05
-0.000496098,0.000832502,0.000274268
-0.000866522,0.001220493,3.97e-05
-0.00150924,0.0006377,0.000291746
-0.000868043,0.000689572,0.000151075
-0.001411146,0.000541342,0.000210745
,,-6.09e-05
-0.001886954,0.000883891,8.24e-06
-0.002046927,0.000768715,0.000296
-0.002396525,0.001267588,0.000101594
-0.002753312,0.001287458,0.000199435
-0.002654656,,-2.55e-05
-0.003300047,0.001208335,-2.19e-05
-0.003812858,0.000832185,1.69e-05
-0.003888342,0.000857368,0.000225041
-0.003777032,0.000873679,-4.32e-06
-0.004453807,0.000849403,-1.14e-05
-0.003750417,,-2.62e-05
-0.003423519,0.001133769,-3.99e-05
-0.003651582,0.000778014,-0.000122532
-0.003279667,0.000494085,-3.88e-05
-0.002415513,0.000348356,-0.000135291
-0.002018489,8.18e-05,-7.75e-05
-0.001703095,,8.75e-05
,0.000304592,8.39e-06
-0.000534251,0.000291895,-1.17e-05
-0.000190515,0.000838753,-2.08e-05
0.000243975,0.000540083,0.000341088
0.000733816,,0.000311473
0.000833006,0.00057626,7e-05
0.001438714,0.000143858,-9.39e-05
0.002295639,-0.000582869,-5.26e-05
0.001734932,-0.000465886,-0.000129371
0.001346226,-0.000823495,7.42e-06
0.000658941,,8.91e-05
0.000782428,-0.001398903,-0.000138561
0.00014487,-0.001012469,-0.000112767
0.001107666,-0.000630485,-0.000262103
0.001709157,-0.000646859,2.33e-06
0.00232599,,2.38e-05
0.002554093,-0.00055812,0.000141666
0.002419925,-0.000970554,-6.06e-05
0.002272352,-0.001157713,-8.15e-05
,-0.001309598,-4.57e-05
0.003118207,-0.001516797,3.76e-05
0.002386013,,3.13e-05
0.002404851,-0.001905247,4.25e-05
0.002214698,-0.002023821,5.45e-05
0.00189946,-0.002357165,5.27e-05
0.00153105,-0.002079612,-3.53e-05
0.001125784,,-0.000119616
0.000322431,-0.001802003,0.000345014
-3.74e-05,-0.000875305,-2.42e-05
0.000330626,-0.000729038,0.000113282
0.000731305,-0.00062046,8.93e-05
0.000684137,-0.000490998,-0.000144802
0.000507566,,-0.000229353
3.11e-05,-0.00012385,-0.000200793
-4.52e-06,0.000279937,-0.000201377
-0.000960418,0.000611338,-0.000234099
-0.000753639,0.000479138,-0.000316409
,,-0.000223486
-0.00122631,0.000736141,-0.000469591
-0.002329782,0.000323062,-0.000452604
-0.003060032,0.000557021,-0.000573394
-0.002724048,0.000978244,-0.000570131
-0.002822275,0.001346649,-0.000560382
-0.002209932,,-0.000405665
-0.001713267,0.001516334,-0.000144651
-0.001525308,0.001354426,-0.00021829
-0.001249816,0.001218972,1.06e-05
-0.001883015,0.000938745,-4.58e-05
-0.001919782,,0.000171668
-0.002137558,0.00056436,3.83e-05
-0.002411855,0.000610403,0.000109233
-0.002389195,0.000199693,5.52e-05
-0.001225048,0.000519617,-7.72e-05
-0.000501189,0.000455344,3.49e-05
-0.000253635,,0.000300824
-0.000463228,0.000808348,0.000131744
,0.000580284,0.000387169
-0.000796493,-0.000181796,0.000424927
-0.000403962,-0.000319056,0.000337628
0.000408134,,0.000442747
0.001203849,-0.000381211,0.000458288
0.001331671,-0.000481933,0.00048241
0.001849688,-0.000667081,0.00018439
0.002131739,-0.000563464,0.000367694
0.002658187,-0.000767465,9.52e-06
0.003436745,,-2.19e-05
0.00281677,2.36e-05,-7.42e-05
0.001753086,0.000212304,-4.44e-05
-7.1e-05,0.000194198,-9.32e-05
-0.000959956,0.000601562,-0.000110013
-0.000464193,0.000791758,-0.000136582
-0.000188652,,-0.000269967
-6.39e-05,0.000561233,-0.000246205
-0.00078285,0.000125981,-0.000379803
,0.000264889,-0.000225054
-0.000413301,-0.000111206,-0.000254884
-0.000900623,,-4.71e-05
-0.001478142,0.000194407,-9.72e-05
-0.002033272,0.000139994,0.000230745
-0.002216107,0.00018354,9.11e-05
-0.002020631,0.000132576,0.000157532
-0.002336154,-5.84e-05,0.000166974
-0.001977582,,0.000311649
-0.001615026,-0.000357233,0.000256884
-0.001520211,-0.000605446,0.000469459
-0.000904812,5.06e-05,0.000233516
-0.000391984,0.000110217,0.000279069
-0.000637922,,0.000435674
-0.000172389,0.000227143,0.000432669
0.000204655,-7.07e-05,0.000314251
0.00138515,-0.000833087,0.00010326
0.00262424,-0.001016168,0.000218489
0.002789123,-0.001286728,0.000268575
,,-0.000151805
0.002495844,-0.001439312,-8.7e-05
0.002330273,-0.001303083,-0.000194703
0.001538217,-0.00053211,-0.00025068
0.000953987,-0.000379074,-0.000340024
0.001632056,,-5.35e-05
0.001744911,-0.000490959,-0.000240454
0.002372539,-0.001010114,-0.000412077
0.001810161,-0.001107944,-0.000298141
0.00151162,-0.000601586,-0.000545066
0.001087842,-0.000561907,-0.000636792
0.000640459,,-0.000607863
0.001372513,-0.000768252,-0.000622835
0.001482528,-0.000528494,-0.000833998
0.000845261,-0.000569044,-0.000893883
-6.97e-05,-0.000418582,-0.000815494
-0.000308714,,-0.000915145
-0.000634541,-0.00028835,-0.000905781
,6.42e-05,-0.000845303
-0.000835619,0.000213658,-0.000723086
-0.001092939,0.000369056,-0.000712523
-0.001403934,0.000541226,-0.000521668
-0.00231167,,-0.000434354
-0.002934633,0.000462097,-0.000339098
-0.002811234,0.000699226,0.000189115
-0.002921106,0.001368227,-5.34e-05
-0.003004495,0.001204459,4.24e-06
-0.002702107,,1.82e-05
-0.00204451,0.000217629,8.09e-05
-0.002346577,-6.43e-05,0.000362257
-0.001520847,-5.59e-05,0.000469836
-0.000985357,0.000316073,0.000463182
-0.001362911,-1.82e-05,0.000432625
-0.001281029,,-1.52e-05
-0.001636021,0.000241883,2.64e-05
-0.001611794,6.45e-05,-7.73e-05
-0.000962768,-0.000498431,0.00017076
,-0.000814753,0.00041304
-0.000859869,,0.000410424
-0.000607106,-0.000510414,0.000646037
-0.001269018,-0.000131125,0.000589784
-0.000873554,8.87e-05,0.000476852
-0.000766403,0.000233429,0.000533624
0.000421822,0.000111206,0.000497606
0.00023982,,0.000473329
0.000292151,5.27e-05,0.000432997
0.000620187,0.000299503,0.000289674
0.001606543,0.0002706,0.000394453
0.001813822,-0.000356053,0.000301951
0.001370159,-0.000422961,0.000127552
0.002247705,,-2.9e-05
0.002522713,-0.000726053,0.000199029
0.002689871,-0.000734716,0.000174722
0.002772952,-0.000553107,4.56e-05
0.00205356,-0.000577704,0.00011736
,,-1.08e-05
0.002595233,-0.000259374,2.1e-05
0.001794382,0.000255992,-0.000149706
0.001315133,0.00072564,-0.000159122
0.001338406,0.000669277,-0.00020177
0.001106083,0.001349319,-0.000513129
0.00118208,,-0.000433852
0.001797263,0.001172088,-0.000544781
0.00114664,0.000485623,-0.00051929
-0.000508935,-0.000347255,-0.000137411
-0.000399888,-0.001106041,-0.000383135
-0.0007536,,-0.000282815
-0.000744164,-0.001608886,-0.000542626
-0.000676185,-0.001225438,-0.000302784
-0.000225591,-0.000962736,-0.000418773
-0.00040747,-0.000144095,-0.000440007
8.38e-05,6.79e-05,-0.00052396
0.000152281,,-0.000705648
0.000326089,-1.27e-05,-0.00013499
,8.62e-05,-0.000102463
-0.000397675,-0.000123411,-8.29e-05
-0.001022924,0.000462461,1.96e-05
-0.001029063,,-0.000177817
-0.00057327,0.000906388,-0.000216873
-0.001383087,0.0013029,-8.28e-05
-0.000837068,0.000609976,0.000337121
-0.000809509,-9.18e-05,0.000259238
-0.001194406,-0.00042662,0.00034539
-0.001550964,,0.000469846
-0.000918138,-0.000984927,0.000496396
-0.000828064,-0.001018984,0.000520211
-0.001384917,-0.000731142,0.000534989
-0.002165759,-0.0004857,0.000245012
-0.001629494,,-3.88e-05
-0.001317384,5.46e-05,-0.000195397
-0.000760896,-0.000244348,-0.000134353
-0.000492614,0.000111806,0.000104624
,0.000160245,-6.06e-06
-0.00105813,-0.000331415,-0.000238706
-0.001988089,,-3.86e-06
-0.002379501,-0.000337149,-0.000107809
-0.00203685,-0.000774544,-0.000315962
-0.000866023,-0.000673262,-0.000240635
-0.000385207,-0.000177928,-0.00048122
-0.000201353,,-0.000611983
-0.001048933,0.000352664,-0.000233984
-0.000945793,0.001218513,-0.000442127
-0.001146652,0.001088538,-0.000169188
-0.001846716,0.001362868,-0.000403172
-0.001253163,0.000752786,-0.000104859
-0.001475603,,-0.000126897
-0.001555443,0.000223312,-0.000209818
-0.001084934,-0.000395132,5.48e-05
-0.000826203,-0.000237497,0.00014104
-0.000166943,-0.000259518,0.000306299
,,0.000499326
-0.000766443,-0.000253855,0.000533626
-0.001736411,-0.000542507,0.000745135
-0.002086081,-0.000695562,0.000488047
-0.001827026,-0.001277166,0.000289136
-2.57e-05,-0.000813189,0.00018078
0.000253023,,0.000335576
0.00051637,-0.001170262,0.000605255
0.000900498,-0.000946189,0.000593665
0.000859351,-0.001091781,0.000540106
0.001566016,-0.000549695,0.000345441
0.000859908,-0.000287144,0.000159038
0.000911416,,0.000148647
0.000359291,0.000192253,0.000253549
0.000337039,0.000579059,0.000283358
0.000747562,0.001014403,0.000200759
0.000687641,0.001053495,0.000201451
0.001283068,,-4.3e-05
0.001901702,0.000908181,-7.04e-05
,0.000567789,-8.44e-05
0.003178094,0.000676501,-0.000188794
0.003444356,-9.86e-05,-0.000188172
0.003614748,-0.000487428,-0.000421736
0.003147001,,-0.000534387
0.002987498,-0.001076393,-0.000509294
0.001744248,-0.001268005,-0.000591715
0.001457726,-0.000978648,-0.000615132
0.002250394,-0.000817415,-0.000463708
0.002196393,,-0.00048921
0.001794981,-0.000691826,-0.000435826
0.002076254,-0.000937466,-0.000300862
0.0021884,-4.98e-05,-6.21e-05
0.00269221,-0.000346042,-0.000298106
0.002615069,-0.000155905,-0.000300507
0.002080989,,-0.000400337
0.001340359,0.000122226,-0.000186976
-5.34e-05,-2.11e-05,-0.000195279
,0.000146816,-0.000298641
-0.001670656,-0.000128136,-0.000191987
-0.002258694,,-0.000274625
-0.002424717,-2.52e-05,-0.000241845
-0.002380892,-0.000500031,-0.00019814
-0.0026431,-0.000596409,3.1e-05
-0.003448087,-0.000348423,0.000120383
-0.00481894,-5.72e-05,0.000100082
-0.004741545,,8.6e-05
-0.004639869,0.000225524,0.00016861
-0.005296759,0.000495425,0.00034373
-0.005071132,0.000304093,0.000345476
-0.0044022,0.000317703,0.000264935
-0.003508459,,0.000453238
-0.003597647,8.31e-05,0.000670468
-0.002798148,-0.000523334,0.000600047
-0.0025105,-0.000408372,0.000354936
-0.001146244,-0.000470565,0.000449562
-0.000750791,-0.000632408,0.000395369
,,0.000123524
-0.000902858,-0.000151915,0.000305103
1.75e-05,0.000113912,0.000187816
0.000359844,-0.000132151,0.000284555
0.000485674,1.08e-06,0.00033721
0.000970407,,7.31e-05
0.001604917,7.14e-05,-5.53e-05
0.001698203,0.000475753,-0.000160108
0.002473458,0.001051574,-0.000303367
0.001551305,0.000907115,-0.000107958
0.001495754,0.000825042,4.09e-05
0.001208678,,-4.6e-05
0.001708494,0.000974374,-4.15e-05
0.001730917,0.000825106,-0.000113998
0.002176436,0.000791998,-5.52e-05
0.002944586,0.000739614,6.79e-05
0.002342105,0.000861463,-5.82e-05
0.001530192,,-0.000207543
,0.00045501,-0.000129511
0.00160737,-0.000331826,-0.00016063
0.001779896,-0.000480334,-0.000389578
0.001842357,-0.000425333,-0.000105074
0.002307729,,-0.000160983
0.001722049,0.000432617,-6.6e-05
0.000962406,0.000226884,-0.000180564
0.000776716,0.000329035,-0.000151911
0.000125539,0.000361098,-7.89e-05
0.000295214,0.000577577,-0.000272592
0.000603374,,-0.000513539
0.001330428,-0.000136293,-0.000210747
0.001360336,-4.37e-05,-0.000441632
0.000664017,0.000436966,-0.000194462
-0.000153916,0.000472301,-0.000331816
-0.000772428,,-0.000165193
-0.001199723,0.000438298,-0.000440076
-0.001733401,0.000356704,-0.000540377
-0.002920195,0.000358356,-0.000371941
,-0.000222715,-0.000161084
-0.002187493,-0.000722621,-9.39e-05
-0.001218813,,0.000134919
-0.001398347,-0.001720608,-0.00037618
-0.001402774,-0.001455857,-0.000288245
-0.002034169,-0.001471913,-0.000182418
-0.00241782,-0.00074124,-0.000424868
-0.002576423,,-0.000198509
-0.003244095,-0.000235394,-0.000452727
-0.003900686,0.000242433,-0.000246588
-0.004385853,9.35e-05,-0.00017582
-0.004641681,-0.000457281,-0.000211047
-0.004404123,-0.001281094,0.00010435
-0.003418206,,-0.000313125
-0.00185374,-0.001798056,-0.000342269
-0.001199425,-0.00165341,-0.000417221
-0.000811359,-0.001566005,-0.000267362
-0.000928613,-0.001399884,2.54e-05
,,-6.16e-05
-0.000286614,-0.001439415,0.00026106
0.000476803,-0.000819302,9.13e-05
0.001124827,-0.000447623,0.000197834
0.001025643,0.000176481,0.000272577
0.001745254,-0.00018797,6.89e-05
0.000606025,,0.000296231
0.000879168,-0.000284157,0.000375651
0.00218083,0.000550343,-6.36e-05
0.002719234,0.00054354,-0.000120015
0.00323755,-3.19e-05,0.000139494
0.002472863,,4.92e-05
0.002371723,-0.000402771,0.000314871
0.001902079,-0.000809871,0.000601869
0.001255655,-0.000577238,0.000741582
0.001210683,0.000102008,0.000754559
0.00052835,0.000581759,0.000554161
0.001288745,,0.000716049
0.00135083,0.000683515,0.000284382
,0.000988601,7.71e-05
0.001575026,0.000669779,0.000342183
0.001049044,0.000680206,0.000264302
-8.32e-05,,0.000410009
-0.00042366,7.49e-05,0.000515705
-0.000948538,0.000138358,0.000322749
-0.000977862,0.000480204,0.000665595
-0.001219042,0.000259913,0.000657907
-0.001293951,0.000389957,0.000342648
-0.001672559,,0.000199841
7.95e-05,0.000733396,8.78e-05
0.000520575,0.000524884,-0.000238289
0.000757095,0.000519835,-0.00035779
0.001428409,0.000270451,-0.000645906
0.001715249,-9.82e-05,-0.000499712
0.000852996,,-0.000415329
0.000459537,0.000785374,-0.000779275
0.000563056,0.000759556,-0.000738217
,0.001285303,-0.001077829
0.000152,6.31e-05,-0.001132255
0.000334667,,-0.001076606
0.00011746,-0.000569639,-0.00082781
-0.000272945,-0.001064915,-0.000695561
0.000114589,-0.001802698,-0.000854939
0.000198388,-0.001160998,-0.000693407
-0.000621422,-0.000428461,-0.000604668
-0.001256491,,-0.000505279
-0.000178634,0.000166047,-0.000404799
0.000704956,0.000723589,-0.000247866
0.000888012,-1.84e-05,-9.37e-05
-0.000194691,-0.000485771,-2.09e-06
-0.001030229,,4.09e-05
-0.002072017,-0.000609786,9.12e-05
-0.002224833,-0.000474084,8.18e-05
-0.002720339,-0.000135822,0.000458418
-0.002354709,0.000268799,0.000276396
-0.001153153,0.000324912,0.000575002
,,0.000334252
-0.000990992,-0.000506288,0.000374091
-0.001324349,-0.001119644,0.000426789
-0.002004545,-0.001149777,0.000400393
-0.002377099,-0.000630861,0.000147514
-0.001642696,,0.000452352
-0.00117313,0.000191328,0.000507991
-0.001799665,0.000196014,0.000363873
-0.001343359,-0.000451069,0.000323658
-0.001119663,-0.000906187,0.00058375
-0.000882666,-0.001440445,0.00024123
-0.000347288,,0.000252844
0.000102929,-0.001082059,0.00053995
0.000612881,-0.000576229,0.000360569
0.000436934,-0.000814055,0.000202502
0.001287457,-0.000509901,5.74e-05
0.000979949,,-0.000102881
0.001648751,-0.000391369,0.00015707
,-0.000959328,0.000203989
0.002612224,-0.000422799,0.000259218
0.002234972,-0.000429073,0.000442648
0.000448596,-0.000287042,0.000335341
0.000233421,,-0.000131503
0.000114744,0.000447446,-0.000135546
0.000406901,0.000400506,-0.000295348
-0.000184335,0.000800061,-0.000399827
0.000484712,0.000382116,-0.000550093
-1.73e-05,,-0.00039684
-0.000828041,0.00026975,-0.000239338
-0.001531291,0.000371196,-0.000277653
-0.001238435,0.000590431,-0.000325952
-0.000679757,0.000445684,-6.46e-05
0.000213008,0.000632529,-0.000466006
0.000317785,,-0.000706339
-0.000184412,4.74e-05,-0.000739934
0.000161101,0.000486217,-0.000718356
0.00064657,0.00037065,-0.000874389
,0.00067157,-0.000985051
0.00046114,,-0.000929266
-0.000773464,0.000459374,-0.000675038
-0.000983998,0.000859551,-0.000415807
-0.001835563,0.001258741,-0.000234232
-0.001240401,0.00169929,-0.000280639
-0.001104636,0.000952961,-0.000217295
-0.001234144,,-0.000138007
-0.000560803,0.000150836,7.91e-05
0.000436203,-0.000718361,0.000188188
0.001456895,0.000239299,0.000125321
0.001479863,-0.000404158,0.000346229
0.002671013,0.000155848,0.000112073
0.002559064,,0.000285307
0.001440325,-0.000227886,0.000502622
-0.000759051,0.000636293,0.000501797
-0.002117847,-0.000316456,0.000730917
-0.002924981,-0.00098225,0.000431722
,,0.000419642
-0.002453645,-0.001441275,0.000441475
-0.001674825,-0.001125934,0.000141876
-0.000569137,-0.001115754,0.000299041
-3.17e-05,-0.00056409,1.39e-05
0.0002969,-0.000371113,0.000218109
-0.000140228,,0.000111373
-0.000274896,-0.000208078,0.000176462
0.00107307,-0.000197631,0.000286741
0.001894543,-0.000814852,4.01e-05
0.002398072,-0.000934701,-2.95e-05
0.001400601,,-0.000187809
-0.000243431,-0.000783658,-0.00037059
-0.001408068,8.29e-05,-0.000223639
-0.001720585,0.000658276,-0.00019264
-0.001755403,0.000608715,-0.000390554
-0.001391439,0.000151707,-1.6e-05
-0.001048774,,6.42e-05
0.000166945,-0.000128049,0.000250799
,-0.000324563,0.000449564
-0.000235889,-8.78e-05,0.000335177
0.000431584,0.000297694,-4.41e-05
0.000263697,,-7.32e-05
-0.000780747,0.000943774,0.000110449
-0.000831124,0.000658313,7.38e-06
-0.001306808,-0.000489563,1.84e-05
-0.000572788,-0.001399083,8.22e-05
-0.000420005,-0.001878426,-3.24e-05
0.000467569,,0.000127367
0.001998375,-0.001508903,0.000108115
0.002717088,-0.000919202,-6e-05
0.002507769,0.000230903,1.13e-05
0.001795969,0.000394123,-0.000139084
0.000761989,,1.92e-05
-0.000663344,0.000102984,0.000233319
-0.000360232,-4.62e-05,-0.000292946
-0.000677704,0.000234365,-0.000374942
,0.000248235,-0.000570419
-0.000431848,0.00035783,-0.000568359
-0.001266524,,-0.00065384
-0.001545844,3.65e-05,-0.000449378
-0.002056944,-0.000607729,-0.000306357
-0.001650499,-0.001053107,-0.000129885
-0.002468966,-0.001353635,-0.000156875
-0.001851222,,-0.00030343
-0.002076142,-0.001278014,-0.00046456
-0.001053209,-0.001046033,-0.000351641
-0.000687156,0.000119229,-0.000254427
0.000630967,0.000493834,-0.000346771
0.001219305,0.001058305,-0.000452268
0.001872389,,1.53e-05
0.002173366,0.000511004,-0.000250521
0.001517552,0.000684797,-7.93e-05
0.00116,0.000371414,0.000228409
0.001179846,-7.9e-05,0.000413857
,,-1.66e-05
0.000208692,-0.000502471,0.000414654
-0.001199088,-2.74e-05,4.98e-05
-0.002434927,7.16e-05,0.000414569
-0.002162156,0.000493533,0.000631778
-0.002019332,0.000706889,0.000293
-0.001725079,,7.9e-05
-0.001133672,0.00117399,0.00012975
-0.001907008,0.002278878,9.76e-05
-0.000394985,0.002007451,5.84e-05
-0.000906746,0.001586723,9.39e-05
-0.00020951,0.001136155,0.000234447
0.000226934,,1.53e-05
-0.000225956,0.000649093,-0.000115344
8.49e-05,0.000178207,-0.000421136
0.000210043,-0.000138646,-0.000344105
-0.000260372,3.59e-06,-0.000119435
-0.001181654,,-3.71e-05
-0.001516858,-7.12e-05,8.96e-05
,-0.000624113,-0.000144256
-0.000543693,-0.000882789,8.9e-05
-0.000330544,-5.51e-05,9.8e-05
0.000804307,-7.09e-05,0.000102313
0.00089304,,1.13e-06
0.000214564,0.000764744,-0.000149172
0.000784694,0.000880916,-0.000369511
0.0002682,-5.41e-05,-0.000157242
-0.001306321,0.000351826,-0.000330846
-0.000682442,,-0.00014961
-0.001241636,0.000272087,-4.2e-05
-0.001159854,0.000631041,-0.000104591
-5.16e-05,-0.000249455,0.000171898
-9.22e-05,0.000109653,0.000305843
-0.000343312,-0.000831382,0.000376867
0.000274894,,0.000530395
0.000167832,-0.000535169,0.000147029
0.000928247,-0.000420525,-0.000241107
,0.000143552,-0.000317197
0.002054657,-0.000150035,-0.000750178
0.001612626,,-0.00048638
0.001657916,-0.00063933,-0.000362971
0.002035306,-0.001412902,-0.000166785
0.001850696,-0.001834129,5.09e-05
0.0012478,-0.001217318,3.02e-05
0.001783984,-0.001497531,-8.5e-05
0.001888156,,-6.74e-05
0.000976094,-0.001057869,0.000304406
-0.000896797,-0.000908795,0.000466495
-0.001042805,-0.000308992,0.000471307
-0.000500948,-0.000475699,0.000333686
0.000829777,,1.52e-06
0.000586305,-0.000557033,-0.000239042
0.001002331,-0.000852303,-0.000578216
0.000797393,-0.000624416,-0.000402526
0.000968828,-0.00111999,-0.000163102
-0.000479126,-0.001101645,-0.000114445
,,-5.65e-06
-0.00044339,-0.000960555,0.000133864
0.000967361,-0.000511141,0.000169989
0.000913702,0.000546035,-9.07e-05
0.000498047,-0.00033373,-8.38e-05
0.000714603,,-0.000214237
0.000593425,4.26e-05,-0.000287021
-0.000523461,-0.000334798,-7.49e-05
-0.001778773,0.000158356,-5.87e-05
-0.003319076,0.000132316,1.13e-06
-0.002846311,-0.000224406,0.000376421
-0.002738936,,0.000423929
-0.001210344,-0.000725687,0.000521377
-0.000287757,-0.000529975,0.000414871
0.000391305,-0.000289631,0.000188624
0.000396485,0.000370307,-0.000271783
-0.000909276,0.000609471,-0.000180902
-0.002169463,,-0.000189816
,1.09e-05,-7.93e-05
-0.003293192,0.000350207,-0.000168991
-0.003363825,0.000495366,-0.000459941
-0.003247321,0.001062293,-0.000300638
-0.00273931,,-0.000372817
-0.00259322,0.001216221,-0.000487752
-0.001639195,0.001356966,-0.00022463
-0.000515903,0.001033692,-0.000356783
0.000376878,0.001145365,-0.000146165
-0.000408011,0.000890055,-0.000188548
-0.000975819,,2.53e-05
0.00072963,0.001165372,0.000132756
0.001340778,0.001105852,0.000486351
0.000445659,0.000857959,0.000408625
-0.000946055,0.000752894,0.000301161
-0.001450837,,0.000144447
-0.000694887,0.000560007,0.00029491
0.000340692,-0.000193891,0.000162974
0.00118561,-0.000192279,-0.000324065
,0.000119833,-0.000348402
0.001671091,0.000456333,-0.000505405
0.001995288,,-0.000500591
0.00131343,-4.66e-05,-0.000266754
0.001232432,-9.49e-05,-4.25e-05
-3.95e-05,-0.000591142,-0.00057281
0.00027975,0.000279189,-3.59e-06
0.000440751,,-0.000108633
0.0007367,-5.22e-05,7.73e-05
0.001183592,-0.000230122,-2.69e-08
0.001562901,-0.001123724,-2.82e-05
0.001116146,-0.000555858,-4.8e-05
0.000919059,-0.000598404,3.38e-05
0.000632957,,-8.18e-05
-0.000119307,-0.000123199,-0.000397111
0.00135671,-0.000544612,-0.000297925
0.001761735,-0.00092089,-9.16e-05
0.002530932,-0.000916194,-7.42e-05
,,0.000188326
0.000245964,-0.001163085,0.00022034
-0.000890835,-0.000756501,-5.1e-05
-0.002436191,-0.000598146,0.000146156
-0.003293912,-0.000502607,8.29e-05
-0.002288471,-0.000366216,-0.000287872
-0.00099712,,-1.72e-05
0.000717938,-0.000800274,-0.000269721
0.001320517,-0.00129543,-0.000278405
4.28e-06,-0.001251318,4.1e-06
-0.001051768,-0.000442154,4.07e-05
-0.001433189,,-0.000214886
-0.000687155,-0.000544477,8.67e-05
-0.00033915,-7.58e-05,0.000108796
0.000374865,0.000213666,0.000358473
0.000917083,0.000684371,0.000490414
-0.000865462,0.000483053,0.000332633
-0.002531599,,0.000332401
-0.002250888,-0.000162035,0.000462854
,2.68e-05,0.000346421
-0.001476005,0.000576049,0.000247507
0.000456171,0.000633422,0.000340049
0.000241619,,0.000348031
-0.000739026,-8.35e-05,0.000325219
-0.001473614,-0.000802224,-0.0001775
-0.002795473,-0.0007526,-0.000153715
-0.002215817,-0.000757844,5.09e-05
-0.001448999,-0.000463995,6e-05
-0.001507785,,9.47e-05
-0.001147329,-3.97e-05,0.000163299
-0.000879285,0.000714227,5.02e-05
-0.001826376,0.001218205,0.000105356
-0.000574324,0.000825575,0.000141592
-0.000633489,0.000486277,0.000186098
-0.00049815,,-1.46e-05
0.000530075,0.001097312,0.000111973
0.000581607,0.000868023,3.4e-06
,0.001087414,9.37e-05
0.001263124,0.00066199,0.000189519
0.001395404,,-0.000252181
0.000328826,0.001292083,-0.000318094
0.000770925,0.000656873,-0.000751926
0.00133081,4.72e-05,-0.00066926
0.000764337,-0.00095392,-0.000654766
0.00146189,-0.000973839,-0.000121218
-0.000144703,,4.46e-05
0.001004936,-0.001244707,0.000264468
0.001258917,-0.000895168,9.87e-05
0.001248203,-0.000420944,-0.000237248
0.000809498,-0.000543033,-0.000269826
0.001760837,,-0.000672737
0.002251146,0.000496405,-0.000866545
0.003545468,0.000693973,-0.000716423
0.00152728,0.000408363,-0.000460979
3.61e-05,0.000906744,-0.000547276
-0.001069151,0.00048392,-0.000454294
,,-0.000214362
0.000543338,0.000170274,0.000111668
-0.00099698,-0.000207497,-5.47e-05
-1.2e-05,-0.000583178,-4.99e-05
-0.00038363,-0.00069299,9.11e-05
0.001159855,,0.000100875
-0.00031565,-0.000899951,-5.89e-05
-0.001991963,-0.000410548,-0.000167989
-0.002838225,0.000589523,-0.000289259
-0.002462305,0.000618896,-0.000228361
-0.00237795,0.00051634,0.000143806
-0.001047111,,0.000299116
-0.001000723,0.000413561,0.000223886
-0.00050015,-0.00039386,0.000376391
-0.000788966,-0.000426283,0.000288092
-0.001790374,-0.000480566,0.000185632
-0.002101581,,0.000154695
-0.001333647,-0.000546874,1.47e-05
,8.6e-05,-3.75e-05
0.000306207,-0.000170508,-1.63e-05
0.001228003,-9.76e-06,0.000154293
0.001178741,0.000591488,0.000176649
0.000111086,,0.000350056
-9.42e-05,-0.000264699,0.000167361
-0.000442226,-0.000636201,0.000232509
0.000310767,-0.000507581,4.01e-05
0.000572413,0.000172855,0.000298291
0.001575504,,0.000327151
0.00164737,-0.000296984,0.000390046
-0.000984564,-0.000775608,0.000114117
-0.002921865,-0.000959989,-0.000417591
-0.003837229,-0.001368602,-0.000507606
-0.002725635,-0.001127705,-0.000568545
-0.001700617,,-0.000569594
0.000580985,-0.001000895,-5.08e-05
0.000854966,-0.001097213,0.000100731
0.000297634,-0.001055908,0.000187943
,-0.001017726,-4.36e-05
-6.67e-05,,-0.00020163
-0.000107841,-0.000661578,-0.000430238
0.000887954,-0.000264613,-0.000161434
0.00053909,0.000279444,-0.000142838
0.000110842,-0.000334165,3.48e-05
-0.001456346,-0.000362632,0.000230475
-0.001827836,,-0.000163825
-0.003137137,0.000333123,-0.000440373
-0.00262564,0.000276936,-0.000442076
-0.002094421,0.000662815,-0.000253968
0.000421892,0.000424517,0.000115661
0.000886047,4.99e-05,-5.18e-05
0.002087866,,0.000111664
0.000905337,4.38e-05,-0.000289355
0.001456822,2.75e-05,-0.000596364
0.000832007,-0.000267654,-0.000498327
-0.000515697,4e-05,-0.000310444
,,8.23e-06
-0.000615182,0.00049899,-0.00026962
-0.000322156,0.000631164,-0.000183349
0.00021438,0.001243226,-0.000382224
0.000685645,0.000982144,-0.000104237
0.001600815,0.001176937,-0.000213331
0.002214611,,-0.000158576
0.004397245,0.000164192,0.000221216
0.004199911,5.99e-05,0.000204441
0.002777668,-0.000275419,0.000375738
0.002099329,0.000779713,0.000169826
0.001173739,,-6.78e-05
4.29e-05,0.001205701,1.38e-05
-0.000324162,0.000892842,0.000272573
-0.000315481,0.00083558,0.000224049
-6.28e-06,0.000226926,0.000265292
-0.00136405,0.000178539,0.000220058
-0.001913894,,4.9e-05
-0.000127011,-0.000263451,0.000143094
,-0.000179706,0.000314503
0.000111434,-0.000265564,0.000373699
0.001195386,0.000286597,0.000243191
0.001833139,,0.000406857
-7.59e-06,0.000905223,0.000793375
0.00073192,0.001210579,0.000410907
0.000623721,0.000838068,-0.000148157
0.000854669,0.00037558,-0.000269865
-0.000491616,-0.000302033,0.00032551
-3.48e-05,,-0.000224075
-0.00187693,0.00019751,-4.03e-05
-0.00100093,-6.07e-05,-0.000129247
-0.00093963,-0.000455976,0.000187565
9.4e-05,-0.001177902,3.01e-06
-0.00019628,,-0.000410983
-0.001063653,-0.001602811,-0.000387955
-0.002979391,-0.001559814,-0.000527738
-0.003557576,-0.001480737,-0.000472105
,-0.001189937,-0.000265237
-0.002420342,-0.000575192,-0.000200778
-0.002748543,,-9.86e-05
-0.002184375,-0.000636117,-0.000166463
-0.001888448,0.000218967,-0.000470826
-0.000881516,-0.000179231,-0.000328477
-0.000697991,-5.33e-05,-0.000338484
-0.001315196,,0.000229714
-0.00207769,-0.000514253,0.000205873
-0.001552293,-0.000983966,0.000144417
-0.002020519,-0.001071258,-9.97e-05
-0.001991566,-0.001489661,-0.000134723
-0.001951569,-0.001183101,-5.62e-05
-0.001103388,,-3.64e-09
0.000860276,-0.000754757,-0.000174924
-0.000424622,0.000104828,0.000285442
-4.37e-05,9.63e-05,0.00016032
-0.000170472,-8.61e-05,-0.000383222
,,-0.000631943
0.000380863,5.03e-06,-0.000797396
0.000536411,-0.000244233,-0.000516601
-0.000268456,0.000738899,-0.000398677
-0.001349758,0.000269343,-2.34e-05
-0.000947863,0.000298624,0.000230951
-0.000794498,,-3.71e-05
0.000799225,0.000118225,-3.4e-05
0.001197037,4.02e-05,-2.33e-05
0.000108876,-0.000558295,0.00040741
0.00016948,-0.00123738,0.000163107
0.001067217,-0.000844502,-2.09e-05
0.002116385,,-0.000408727
0.002600215,0.000550299,-0.0002008
0.002552209,0.000575221,-0.000767074
0.001757809,0.000789833,-0.000404626
0.002096968,-0.000303758,-0.000442066
0.001959241,,0.000178896
0.002213206,3.25e-05,9.22e-05
,0.000377299,0.00039187
0.002006642,0.000404937,-1.88e-05
0.001793368,0.000497411,0.000219719
0.001535899,0.000749241,5.62e-05
0.000776408,,-5.75e-05
-0.000178428,0.000772337,-5.29e-05
-9.25e-05,9.56e-05,0.000101029
0.000295913,-0.000472488,6.87e-05
0.001125708,-0.000366093,9.69e-05
6.59e-05,,0.000238086
-0.000425051,-9.94e-05,0.000312471
-0.00121711,-0.000234488,0.000826545
0.000432158,-0.001012979,0.000987822
-0.000351594,-6.13e-05,0.000802546
-0.000559624,0.00010513,0.00038877
-0.002321686,,0.000285355
-0.001310138,0.000363111,-9.78e-05
-0.001442071,-0.000850851,-1.77e-05
,-0.000463958,0.000169969
-0.000414447,0.000153727,-3.84e-06
-0.000810798,,-0.000355084
-0.001907277,0.000256299,-0.000362414
-0.002043916,-2.92e-05,-0.000148532
-0.002289009,0.000152974,-1.79e-05
-0.001795731,0.001066898,0.000207772
-0.001422158,0.000903564,0.000333542
-0.00069976,,-6.22e-05
-0.000865764,0.000749063,0.000200642
-0.001934612,-0.000194269,0.000279971
-0.002795721,-0.00089468,9.98e-05
-0.002677772,2.39e-05,-0.000107232
-0.000807752,,-0.000128449
-0.000934643,0.000283242,-0.00037247
2.05e-05,0.000600892,-0.000474453
0.000649207,0.000831817,-0.000351376
0.001462962,0.001218838,1.47e-05
0.000759702,0.000820201,-2.9e-05
,,-0.000308989
-0.000139122,0.000499175,-0.000483281
-7.77e-06,0.000171435,-0.00068277
0.001136798,6.14e-05,-0.000510619
0.001270043,-0.000796452,-0.000710895
-0.000396675,,-0.00039601
-0.001197197,-0.000883568,-0.000354941
-0.00180089,-0.001081471,-0.000208461
-0.001413219,-7.58e-05,-0.000135982
-0.001032785,-0.000347179,-0.000574351
-0.000115313,-0.000279665,-0.000359179
0.001207263,,-0.000340381
0.002630479,0.000202051,-0.000498709
0.001429171,0.000830831,-0.000339745
0.000871229,0.00132239,-0.000462828
0.002155327,0.000686076,-0.000256494
0.001833087,-4.74e-05,0.000220403
0.001971772,,-0.000172254
,-0.00054251,-0.000131542
0.001526685,-0.001316107,2.66e-05
0.002284192,-0.002247507,-0.000109883
0.00120729,-0.002149083,5.26e-05
0.000315201,,-8.97e-05
-0.001775719,-0.001467499,-0.000246639
-0.001939731,-0.001525353,-0.000298734
-0.002395193,-0.00174879,-4.61e-05
-0.002034198,-0.001290737,-2.14e-05
-0.000744014,-0.000804425,0.000475685
-0.00061397,,-5.1e-05
0.000871384,-0.000236972,3.92e-05
0.001433416,0.000569913,0.000375135
0.000942487,6.89e-05,0.000409271
0.001340515,0.000618854,0.000526543
0.000912978,,0.000430452
0.000394472,0.000148407,0.000330406
-0.000629577,-6.91e-05,0.000451757
-0.001314885,5.74e-05,0.000337041
,0.000169455,0.000330268
-0.001419601,-0.000379716,0.000393414
-0.001799436,,0.000339417
-0.000805,0.000376554,0.000301057
0.000982152,0.00048344,0.000173159
0.001278494,0.000696423,9.14e-05
0.000880933,0.000747883,7.45e-05
0.000739658,,0.000118388
-0.000343288,0.000781458,2.03e-05
-0.000691908,0.000340176,2.12e-06
-0.000555781,0.000283846,-0.000167063
-0.001161129,-4.07e-05,-0.000221556
-0.00021852,6.19e-06,3.13e-05
-0.00018198,,-3.2e-05
0.00012999,0.001032702,-0.000277425
0.001361666,0.000725071,-0.000466907
-0.000754196,0.000488455,-0.000145574
-0.001147639,3.66e-05,-0.000285515
,,-0.000126961
-0.000959691,-0.000814788,-0.000143273
8.03e-05,-0.000170418,-0.000322025
-0.000593374,0.000952229,-0.000339045
-0.001172226,0.000880605,-0.000395491
-0.001775385,0.000805464,-0.000407967
-0.002855548,,-0.000215953
-0.002530648,0.000408337,-0.000162841
-0.001774973,0.000458326,-0.000123029
-0.002100499,0.000902878,-0.000208118
-0.002259913,0.000904551,-0.000756581
-0.002041903,,-0.000581517
-0.001304901,0.000602243,-0.00029716
-0.000667407,-3.21e-05,-0.000123345
0.000159382,-0.000335158,-0.000186675
-0.000565837,-0.001315302,0.000142196
-0.000822061,-0.001201646,0.000285017
0.000605568,,9.32e-05
0.000929354,-0.001189186,0.000116531
,-0.001442085,-0.000272653
0.000870646,-0.001390286,0.000256342
0.00097886,-0.000955259,0.000478513
0.000168255,,-0.000203664
0.000184123,-0.000809354,-0.000328965
8.34e-05,0.00011511,-0.000343369
-0.000449887,0.000275727,-0.000264335
0.000254911,0.00082015,-0.000242773
0.001076668,0.000183309,8.9e-05
0.00154915,,0.000289641
0.002101144,-0.000720584,0.00041879
0.00181369,-0.001627268,9.96e-05
0.002359491,-0.001482419,9.76e-05
0.000266342,-0.001570295,0.000338549
-0.000352224,-0.001595559,0.000313615
-0.00012896,,0.000302488
0.001246058,-0.00103642,0.000278817
0.002677492,-0.000785594,0.000313065
,-0.000499557,0.000153504
0.001772883,5.01e-05,8.44e-06
0.001630913,,-0.000345972
0.000373678,0.000608206,-0.000269934
0.00037953,0.000725363,-0.000446915
-0.000668307,0.000706609,-8.56e-05
-0.000489569,0.000312443,-4.66e-05
-0.000401611,0.00028346,-6.64e-05
0.000705669,,2.44e-05
0.001479202,0.000257086,0.000301344
0.002432339,0.000513724,0.000204904
0.001518179,0.00066886,0.000216567
0.000795868,0.000750556,0.000254784
-0.00024665,,0.000142491
0.000163882,0.000232296,-0.000235653
-9.31e-05,0.000135264,-0.000116852
-0.001115835,-8.1e-05,-0.000205293
-0.002900703,0.000122134,-0.000276921
-0.003522674,0.000615836,-0.00011779
,,0.000299125
-0.003149568,0.000977532,0.000407222
-0.003006582,0.000796795,0.000115683
-0.002599095,0.000439351,0.000198475
-0.000938021,0.000148627,-0.000115126
-0.001053133,,2.86e-05
0.000396175,8.22e-06,-3.63e-05
-0.000450566,-0.000378616,9.64e-06
-0.000336196,-3.59e-05,-2.56e-05
-0.001121461,7.94e-05,-9.42e-05
-0.001969299,0.000314661,7.72e-05
-0.002016569,,0.000382029
-0.0031531,-0.000135072,-0.000134256
-0.002314775,-0.00079474,-0.000101306
-0.001215996,-0.001081346,-0.000150556
0.000182631,-0.000436859,-5.18e-05
0.000598902,,-0.000164231
-0.000514021,1.68e-05,-0.000209025
,0.000290491,-0.000396904
-0.000190063,0.00037509,-0.000520719
-0.000445796,-0.000567434,-0.000584706
0.001304713,-0.00053891,-0.00036873
0.001038006,,-0.000411905
0.000940126,-0.000766592,-0.000443511
0.000274883,-0.001183386,-0.000286258
8.08e-06,-0.000831904,-0.000119076
-0.00134516,-0.000131549,-0.000180036
-0.002643243,,-4.62e-05
-0.001224877,0.000161267,-0.000158554
0.001017389,0.000812175,-0.000279454
0.001148054,0.001006152,3.14e-05
0.001406262,0.000716879,0.000223205
-0.000328255,0.000483234,0.000360034
-6.25e-05,,0.00014859
0.000600095,-6.5e-05,2.8e-05
0.000978719,-0.00035367,0.000351587
0.000814552,-0.000465509,0.00019103
,0.000279333,2.77e-05
0.001480116,,0.000170736
0.001941247,-3.86e-05,0.000338138
0.000516531,3.02e-05,0.000418159
-0.001265186,-0.000206892,0.0004033
-0.000697035,-0.001176911,0.000430558
-0.000390752,-0.001526817,0.00031131
-0.000577873,,3.92e-05
-0.001780112,-0.000800398,-8.87e-05
-0.000266193,-0.000246547,-5.53e-05
0.000146448,0.000471249,0.000454988
0.000546729,0.000423735,0.000685441
-0.001663115,0.000536193,0.000393938
-0.000721007,,0.000358495
0.000532493,-1.91e-05,0.000111714
0.000433779,0.000112516,0.000210245
0.000163422,0.000233154,7.83e-05
0.000179551,0.000278767,-1.11e-05
,,-0.000159699
0.001676183,0.000746824,0.0001941
0.001710606,0.0001593,0.000419212
0.001584995,3.99e-05,0.000546495
-0.000340801,-1.8e-05,0.000390102
-0.001969304,-0.000255445,7.04e-05
-0.000118268,,-2.02e-05
0.00076439,-0.00064651,-4.8e-05
0.001423172,-0.000638849,5.8e-05
0.001447661,-0.001573774,-0.000257579
0.002302098,-0.001153098,-0.000558535
0.001615882,,-0.000648575
0.000812015,-0.000763496,-0.000756913
0.000129195,-0.000272734,-0.000507133
0.000383038,-0.000339534,-0.000322829
-0.001379146,-0.000410757,-0.000254323
-0.002015786,0.000288813,-0.000241112
-0.002041461,,0.000113946
0.000140478,3.72e-05,-0.000251251
,0.000263791,-7.79e-05
-0.000659609,-0.000198296,-6.78e-05
-0.000749746,-0.000449025,-0.000406637
9.57e-05,,-0.000419353
0.001429305,-0.000618247,-0.000650518
0.002560155,-0.000568126,-0.000483407
0.001147224,-0.000500809,-0.000448585
-0.00051789,7.13e-05,0.000112717
-0.00100844,0.000492832,0.000205453
-0.002523656,,-6.22e-05
-0.004205376,0.000498943,-0.00015829
-0.004397431,0.000610024,1.27e-05
-0.002951859,0.000380575,0.000313111
-0.002826002,3.23e-05,0.000102596
-0.003173629,,0.00018355
-0.002861515,2.31e-05,0.000164353
-0.001560582,-5.91e-06,4.83e-05
-0.000431665,-0.000325912,-0.000189742
,-0.000332875,-0.00047458
0.001322334,1.98e-05,-0.000128074
0.000243538,,6.55e-05
0.001213194,0.000287141,0.000257623
0.000590349,0.000344173,0.000356079
0.000335131,0.000216233,-0.000186617
6.56e-05,4.68e-05,8.66e-06
0.000403373,,0.000321975
-0.00064114,-0.000413813,0.000102656
0.000463509,-0.000404814,0.000169572
0.000730046,0.000122392,0.000216992
0.001326617,0.000771392,0.000322888
0.001604695,0.001193357,5.56e-05
0.001624509,,-0.000288967
0.000761211,0.001353096,-0.000308873
0.000470246,0.001276397,-0.000100584
2.13e-05,0.000371632,-0.000161997
-9.84e-05,-0.000860385,-0.000163582
,,-0.000251409
0.00197338,-0.000720894,-6.54e-05
0.001725522,-0.001070057,0.000128351
0.000314345,-0.000865935,-0.000412706
-7.42e-05,-0.000761229,-0.000200625
-0.001547501,-0.000878445,-5.83e-05
6.69e-05,,0.000191611
0.001659769,-0.001242442,-6.99e-05
0.001609616,-0.001170624,-5.46e-05
0.001656856,-0.000603515,0.000341838
0.001178633,-0.000207676,0.000506612
0.00095337,0.000208439,0.000254257
0.001437549,,0.00013861
0.001670843,3.46e-05,-0.000434404
0.001243583,-0.000206239,-7.19e-05
-0.000155051,-0.000414287,0.000176152
-0.00048906,0.000323382,0.000199756
-0.002451006,,0.000230326
-0.002320811,0.000445602,0.000520612
,0.000358944,0.000434743
-0.002274385,-0.000168977,0.00018073
-0.003061677,1.32e-05,1.62e-05
-0.002693317,-4.13e-05,0.00013762
-0.002122849,,-0.000237823
-0.001502461,-0.000162758,-0.000452979
0.000246462,-0.00019946,-0.000436832
0.000772541,0.000744205,3.61e-06
0.001444154,0.000167985,-0.000224549
0.00053931,,-8.03e-05
-0.00180259,5.45e-05,0.000122085
-0.003176473,-0.000385755,0.000238667
-0.002832774,-5.9e-05,0.000617229
-0.003066949,-0.000534292,0.000258012
-0.003241878,-0.000459421,-0.000103583
-0.002006878,,-0.000398824
-0.001602359,-0.000170567,-0.0006307
-0.00116092,-0.000180625,-0.001133881
,-0.000113142,-0.000703459
-3.19e-05,-4.55e-05,-0.000656223
0.001054558,,-0.000520854
0.001884672,-0.000638012,-0.000732542
0.001763186,-0.000502575,-0.000600292
0.000550612,5.27e-05,-0.000332075
0.000841979,-0.000262406,-8.02e-05
0.000997231,-0.000539274,0.000305717
0.00126511,,7.15e-05
0.001478033,-0.00047106,0.000378975
0.001541994,-0.000620002,0.000210968
0.000848782,-0.000381141,0.00024241
0.000365467,-0.000373069,0.000165138
0.000178541,,0.000108375
0.000329487,-0.000491862,-0.000187787
0.001230854,-0.000493948,-7.06e-05
0.001963763,-0.000368476,4.13e-05
0.001380548,-0.00058028,0.000341584
0.000805374,-0.000457861,0.000234889
,,0.000373786
0.000543359,0.00012694,0.000142322
-0.000259322,0.000588045,0.000268956
-0.000280698,0.000527924,-0.000122169
-0.000548434,5.14e-05,-0.000112312
0.000286136,,0.000340989
0.000462834,2.78e-05,0.000400709
-0.000273385,0.000316811,0.000123508
-0.001474563,0.00038877,0.000164695
-0.002082507,0.000507037,-0.000206122
-0.00082684,0.00040134,-0.00017188
-0.000120433,,0.000286118
0.000823223,0.000148837,0.00022623
0.000908017,-0.000256718,0.000183776
-0.000211902,-0.000844108,7.93e-05
-0.001195993,-0.000541112,0.000203716
-0.001813849,0.000191516,0.00047889
-0.00230286,,0.000400426
,0.000226742,0.000283488
-0.001744235,-0.000370238,-0.000357126
-0.000377362,-0.000606694,-0.000118523
0.000453426,-0.000522895,-0.000678011
0.001303073,,-0.000342995
0.002250104,-0.000409727,-0.000487779
0.001258777,-2.2e-05,-0.000565026
0.000743795,0.00024044,-0.000768107
1.73e-06,0.000609156,-0.000381919
-0.000570726,0.000425691,-0.000237961
-0.001099712,,-4.35e-05
0.000665829,9.91e-05,0.000119345
-0.000152117,-0.000305069,0.000391564
-0.000292845,7e-05,4.41e-05
-0.000740275,9.49e-05,-0.000380511
-0.002467986,,-0.000643218
-0.003216716,0.000244099,-0.000660173
-0.001652515,6.84e-06,-0.000457261
-0.000301052,6.3e-05,-0.000624902
,0.000430699,-0.000492009
0.000587523,0.000520881,-0.000348727
0.001135213,,-0.000196408
0.000831199,0.000772732,6.24e-05
-0.000163211,0.001280968,0.000369983
0.000109552,0.000835695,0.000439231
0.000552868,0.000695525,0.00022939
0.000724195,,-5.45e-05
0.001633612,0.00022363,6.35e-05
0.000788077,-0.00081403,0.000135863
2.11e-05,-0.000951813,0.000202656
-0.00013923,-0.000819701,0.000449098
-0.000452944,-0.001093507,0.000427656
-0.001205612,,0.000224995
-0.001060033,-0.000380994,0.000282015
-0.003220178,-0.00010208,8.69e-05
-0.002088222,3.71e-05,-4.69e-05
-0.001541551,0.000188044,0.000268365
,,0.000288287
-0.000391444,-0.000510997,0.000334187
-0.000435641,-0.000192495,0.00025382
-0.000399694,0.000180388,0.00015117
0.000179914,-0.00030058,-0.000133548
0.000498404,-0.00096008,-9.09e-05
0.000374008,,7.04e-05
-0.000535384,-0.000937211,0.000110713
-0.000670409,-0.001594901,-5.46e-06
-0.001425082,-0.001228575,-4.53e-05
-0.000831764,-0.001225548,-0.000117571
-0.001290882,,-0.000463922
0.000245746,-0.000772866,-3.56e-05
0.00100672,-2.53e-06,-0.000156843
0.001177994,-9.11e-05,6.98e-05
0.000796878,-1.5e-05,0.000257224
0.000686924,0.000272459,-6.83e-05
0.000251838,,-0.000177344
0.000248297,0.000571462,-0.000343195
,0.000504782,-0.000674253
9.07e-05,0.000544735,-0.00041832
-0.000415522,0.000650269,-3.84e-05
-0.000322654,,4.76e-05
-1.64e-05,0.000747534,0.00025749
0.00060533,0.000590613,0.000444593
0.000517472,0.000285857,0.000236353
0.000449125,0.000728915,0.000213788
-0.000279746,0.000953203,-0.000110296
-0.000971112,,-0.000248367
-0.00075195,0.000969849,-0.000373371
0.000362175,0.000832552,7.74e-05
0.00150461,0.00049704,-8.6e-05
0.002701898,0.000366953,-0.00015691
0.002772659,0.000395541,8.46e-06
0.002107663,,-0.000385921
0.000610985,0.000281738,-0.000794886
-0.001407172,1.33e-05,-0.000308855
,-0.000157957,-2.79e-05
-0.001425093,-0.000386144,9.72e-05
-0.001954207,,0.000376082
-0.001822997,-0.000628438,2.01e-05
-0.001816525,-0.000570231,-6.71e-05
-0.001750244,-0.000676184,-3.64e-05
-0.002382089,-0.000352598,0.000163368
-0.002144641,-1.04e-05,0.000175919
-0.001020729,,0.000319765
-0.000124209,1.13e-05,-3.16e-06
0.000198761,-0.000147964,0.00024035
9.58e-05,2.25e-06,-3.26e-05
-0.000370936,0.000166784,-0.000161354
-0.000701343,,-0.000345649
0.000699551,-0.000302437,-2.26e-05
0.001097813,-0.000204212,-0.000731582
0.000772236,-0.00074381,-0.000527965
-0.000149484,-0.000518722,-0.000285614
-6.76e-05,-0.000524449,-2.17e-05
,,-2.86e-05
-0.000165317,-0.001006057,8.96e-05
-6.8e-05,-0.000979514,-8.11e-05
-5.17e-05,-0.000703978,8.74e-05
0.001170586,-0.00063198,3.4e-05
0.000203703,,-0.000213695
-0.000122335,-0.000666769,-0.000241617
-0.000511659,-0.000229218,-0.00050911
-0.000614076,-0.000317615,-8.58e-05
-0.000765759,1.25e-06,-0.000311041
-0.000697717,0.000144883,2.61e-05
-5.45e-05,,0.000120567
-0.00029399,-0.000503147,0.0001653
-0.00032689,-0.000329766,0.000187523
-0.000181968,-0.00044508,0.00012689
-0.001182994,-0.000730887,8.92e-05
-0.000743415,,4.71e-05
0.000339687,-0.000377449,4.5e-05
,-0.000365304,-0.000103358
-0.000742017,0.000140696,8.57e-06
-0.001066058,0.0005579,-0.000183881
-0.000928163,0.000171132,7.14e-05
-0.001090668,,0.000265921
-0.000463247,0.00019657,3.9e-05
-0.000474235,0.000211965,-5.92e-05
-0.001101615,0.000311649,-0.000383904
-0.001167004,0.000516931,-0.000121123
-0.000568666,,0.000161295
-0.001133394,0.000268432,0.000389919
-0.000668769,0.000136237,0.00068294
0.000635083,0.000268605,0.000387664
0.001150662,-2.37e-05,0.000454643
0.000731106,0.000193446,-3.94e-05
0.000115304,,-0.000337161
0.000227919,-6.32e-05,-0.00032531
0.000492987,6.69e-05,-0.000592714
0.000865451,0.000136536,-0.000377609
,2.54e-05,-0.000426671
0.000856796,,-0.000197394
0.000747965,-0.000246833,-0.00051172
0.000571524,-0.000489984,-0.00047677
-0.00020331,-0.000724775,-0.000340161
-0.001521956,-0.001000611,-6.94e-05
-0.000581239,-0.00058731,5.74e-05
0.000558872,,0.000146566
0.000186581,-0.000343225,-0.00013392
-0.000944794,-7.82e-05,-0.000122584
-0.001264305,0.000193033,8.78e-05
-0.001331179,7.12e-05,0.000169356
-0.000919424,-0.000516474,0.000179023
-2.67e-05,,-0.000126686
0.000287164,-0.00050489,-1.12e-05
0.000837785,-0.000126541,4.77e-05
0.000494335,-0.000149506,9.03e-05
9.55e-05,-0.000128306,8.15e-05
,,0.000179614
-0.000603719,-0.000169905,5.03e-05
0.000171748,-0.00015836,-8.01e-05
0.000250054,5.44e-06,-0.000112422
0.000515514,0.000254654,-3.93e-05
0.000329661,3.5e-05,-0.000126927
2.1e-05,,-0.000230102
0.000841865,0.000281395,3.95e-06
0.001124527,0.000360197,-0.000128736
0.001476453,0.000788773,-8.38e-05
0.002458345,0.000866453,-0.000238248
0.002006912,,-3.28e-05
0.001022728,0.000816559,-0.000233496
0.000524084,0.000459532,-4.57e-06
-0.001731331,0.000428717,-0.000208302
-0.002261064,0.000362996,-0.000297778
-0.00170705,0.000558607,-0.000211175
-0.002040698,,-0.000315001
-0.00077939,0.000409374,-4.7e-05
,0.000152865,-0.000124033
-7.12e-05,0.000138571,-0.000216077
-1.95e-05,0.000173894,-7.75e-05
0.00022804,,-0.000164455
-0.000813166,8.8e-05,-0.00042456
-0.0005494,-6.32e-05,-0.000164347
0.000140196,0.000473409,8.2e-05
-0.000609891,0.000615084,0.00036958
-0.002053904,0.000609599,7.67e-05
-0.002582238,,6.36e-06
-0.003141713,0.000106333,3.07e-05
-0.00229084,-5.99e-05,0.000182726
-0.002168409,-0.000109848,0.000269987
-0.001211669,-8.91e-05,0.000326427
-9.24e-05,,4.63e-05
-0.000391782,-0.000343548,0.000259288
0.000150741,-0.000366206,6.31e-05
0.00072264,-0.000359673,-0.000115949
,-0.000106666,-7.45e-05
0.000818861,0.000231478,0.000128643
0.000851051,,6.73e-05
0.000901605,0.000155252,-3.29e-05
0.001124481,2.17e-05,-0.000366887
0.001670639,0.000381955,-0.000271528
0.001418268,0.000179683,-0.000156226
0.000904563,,0.000104243
0.001536635,-0.00027273,0.000161362
0.001834632,-0.000373629,0.000153503
0.002202444,-0.000633822,7.29e-05
0.001438857,-0.000378164,-4.77e-06
0.000639724,-0.000670728,-6.57e-05
0.0011233,,0.000197505
0.000669254,-0.000442557,-5.69e-05
0.000274419,-0.000580941,0.000187958
-6.23e-05,-0.000791896,-0.000115617
-0.000118542,-0.000563574,0.000150835
-0.000698484,,9.56e-05
,-0.000618166,0.000130537
-0.001117149,-0.00126308,0.000344576
-0.001498684,-0.001188451,0.000367325
-0.001222432,-0.000775525,0.000259909
-0.000633707,-0.000153601,0.00020514
-3.73e-05,,-0.000132668
8.88e-05,-8.36e-05,-0.000260765
-5.55e-05,-0.00060983,-0.000408269
0.000276401,-0.000476476,-0.000419397
4.8e-05,-0.000662811,-0.000458322
-0.000560519,-0.000833094,-0.00029598
-0.000764339,,9.19e-05
-0.001271631,-0.000347462,1.41e-05
-0.001288569,-0.000276222,-2.96e-05
-0.001588138,-7.03e-05,-0.000105474
-0.001922043,-0.000372205,0.000121245
-0.002142519,,8.65e-05
-0.001625468,-0.000392488,-0.000116939
,-0.000366383,-0.000367922
-0.001045797,0.000213548,-0.000516765
-0.001203524,7.21e-05,-0.000585629
-0.000457321,5.66e-05,-0.000370529
-0.000780488,,-0.000523245
-0.000371812,0.000216123,-0.000139863
0.000124907,-5.5e-06,2.34e-05
-0.000652593,-7.13e-05,-0.000108333
-0.000899506,4.95e-05,6.64e-05
-0.00076305,,0.000157303
-0.001687619,9.81e-05,0.000183224
-0.000615984,0.000825067,0.000133756
-0.000465364,0.000539643,0.00038446
0.000246516,0.000151904,0.000181997
0.000672903,9.87e-05,0.000416792
0.000505946,,0.000319295
0.000330187,0.000654666,0.000186095
0.000308146,0.00062621,0.000168512
,0.000844042,0.000562483
0.000980886,0.000726866,0.000555289
0.001237825,,0.000336531
0.00041843,0.00085792,-1.62e-05
9.74e-05,-2.55e-05,0.000299401
0.000517445,8.18e-05,0.00012702
0.000521453,-3.52e-05,0.000117833
0.000109458,8.31e-05,0.000155556
3.33e-05,,-0.000145
0.000181513,-4.41e-05,-0.000149822
0.000518285,-0.000133688,-0.000219019
9.02e-05,0.000219048,-0.000204953
-0.000583195,-0.00020492,-7.36e-05
-0.000956588,,-0.000130143
-0.001509548,-0.000522683,-3.54e-05
-0.001790058,-0.000657978,-5.64e-05
-0.001053905,-0.000516725,-0.000210276
-0.000689653,-0.000474745,-4.25e-05
-0.000150353,0.000145584,-3.04e-05
,,3.55e-05
0.000274056,0.000331451,-0.000119514
0.000238713,0.00023494,-0.000279432
-0.001070727,4.37e-05,-0.000335998
-0.001030733,-0.000229723,-0.000155867
-0.000515099,,-0.000339039
-8.63e-05,-0.000592189,-0.000333217
-0.000268153,-0.000490306,-0.000296422
-0.0002166,-0.000398383,-0.000362963
-0.000174296,-8.22e-05,-0.000108588
0.000115757,0.000231787,-0.000204345
0.00023405,,-0.000184667
0.000378949,0.000302683,-9.82e-05
-0.000103989,1.82e-05,6.27e-05
0.000730763,-7.19e-05,-1.35e-05
0.001647291,-0.000425725,-0.000153582
0.00188144,-0.000410114,-0.000124648
0.001468969,,-0.000415922
,-0.000321916,-0.000272166
0.000880065,-0.000485216,-0.000106935
0.000938487,-0.000535466,7.36e-06
0.001201416,-0.000717107,0.000118836
0.001117851,,4.15e-05
0.000564113,-0.000843445,0.000169131
6.59e-05,-0.000385569,0.000131052
0.000262763,-0.000445546,0.00029845
9.23e-05,-0.000168353,0.000128797
0.000171218,-5.19e-05,1.91e-05
9.78e-05,,-9.54e-05
0.00054987,-0.000484202,0.00019637
0.001071376,-0.000137827,-6.08e-06
0.000765908,-2.1e-05,4.36e-05
0.000127588,-0.000264059,-0.000186318
-7.9e-05,,-4.43e-05
-0.000207273,-0.000542751,-5.55e-06
-0.000352541,-0.000691998,0.000122191
-0.000744999,-0.00045335,-2.18e-05
,-0.000133261,-0.000378027
-0.000695202,0.000254192,-0.000275947
-0.000668094,,-0.000320438
-0.000359526,0.000237361,-0.000148996
0.000255507,0.000110939,-3.15e-05
0.000849661,0.000271707,4.88e-05
0.000342325,0.000354869,3.72e-05
0.000426687,,-0.000112231
9.16e-05,0.000106119,-0.00022439
-0.000567573,0.000264159,-0.000301734
-0.000828497,0.000467271,-0.000213037
-0.001440337,0.00049734,-0.000171642
-0.00090903,0.000130709,-5.23e-05
-0.001362109,,-1.94e-05
-0.000982864,0.000328278,-0.000250692
-0.000936593,0.000391083,-0.000138495
-0.001535966,0.000501176,-2.76e-05
-0.001034487,0.000478529,-8.6e-05
,,8.34e-05
-0.00153613,0.000744063,0.000112675
-0.002295952,0.000564503,0.000508881
-0.002395345,0.000335175,0.000278063
-0.00146629,0.000357271,0.000484398
-0.000403874,0.000377136,0.000178216
-0.000368087,,0.000255654
-0.001000519,0.000116952,0.000283815
-0.001045546,0.000110113,0.000261895
-0.001694798,0.000238598,0.000203725
-0.00152249,0.000143232,-0.000130954
-0.000926498,,-8.92e-05
-0.000285621,0.000117226,0.000130953
-8.41e-05,-0.00027516,0.000115824
-0.001055453,-0.000755023,2.27e-05
-0.000801873,-0.000444931,0.000180847
-0.000568882,-0.00050628,0.000198999
0.000317126,,0.000198742
9.01e-05,-0.000595299,-2.37e-05
,-0.000594503,-7.43e-06
0.000405395,-0.000875606,-2.77e-05
0.000440533,-0.000593104,-0.000125093
-0.000119671,,-0.000125146
-9.13e-05,-0.000621374,-0.000108164
0.000177586,-0.000623119,8.25e-05
0.00036851,-0.000890669,-3.72e-05
0.001468502,-0.000671682,-2.84e-05
0.000999834,-0.000747136,3.98e-05
0.000594182,,-0.000117404
0.000116678,-0.001112377,5.25e-05
0.001038004,-0.00109799,-6.12e-05
0.001371153,-0.000797994,-3.36e-05
0.001779523,-0.000456661,-0.000330758
0.001482882,-0.000385207,-0.000369319
0.001555931,,-9.58e-06
0.000204827,-0.000380345,-0.000342568
0.000165042,-0.000489611,-0.000229469
,-0.000564512,-0.0004034
5.87e-05,-0.000345571,-0.000420264
-0.00041425,,-0.000202421
-9.13e-05,-0.000490324,-0.000208842
9.95e-05,-0.000141863,-0.000361018
0.000418892,1.83e-05,-0.000436982
-0.000488537,-3.46e-07,-0.000315777
-0.000832576,-1.43e-05,0.000109124
-0.001357331,,-0.000130234
-0.001388973,-0.000224852,-0.000233147
-0.00058407,-0.000138871,-0.000248502
0.000338964,0.000103606,-0.000195133
0.000443621,0.000144113,-0.000273066
0.000423148,,-0.00011076
-0.000157952,0.0005311,-0.000152848
-0.000750156,0.000498999,8.77e-05
-0.001347771,0.000655709,-0.000362656
-0.001188727,0.000593889,-0.000151581
-0.000774718,0.001182301,-0.000154988
,,-0.000154541
-0.000153386,0.001182335,0.000129976
0.000545487,0.00153428,0.000139864
0.000410397,0.001507764,0.000121768
0.00061048,0.001401457,-5.7e-05
-0.000268801,,4.22e-05
-0.000689584,0.001056375,0.000123748
-0.000667473,0.000189827,3.86e-05
-0.000339644,-0.000408921,0.000158215
-0.000811788,7.89e-05,0.000109595
-0.001282492,-4.38e-07,7.25e-05
-0.001521096,,-6.9e-06
-0.001593417,0.000510488,0.000165408
-0.000798907,0.000406829,0.000377708
-0.001008461,-0.000209681,0.000340044
-0.000279284,-6.94e-06,0.000321691
-0.00037552,,0.000246247
-0.00046822,-0.000171561,9.26e-05
,3.77e-05,-0.000140754
-0.000288614,0.00058444,-3.38e-05
-0.000148628,0.000515428,-0.000194418
-0.000604514,0.000640193,0.000105558
-0.00120825,,-0.000165851
-0.001303983,-3.42e-05,0.000137873
-0.000781054,-6.3e-05,-6.58e-05
-0.000482459,7.53e-05,-0.000103914
0.000687803,-0.000164516,-0.000259456
0.000562173,,-0.000249269
0.000532347,-0.000481736,-0.000181286
0.000432506,-0.000612306,3.66e-05
0.00054914,-0.001079482,0.000143689
0.000581072,-0.001164757,8.63e-05
0.000735327,-0.00122741,-2.7e-05
0.000931948,,-9.74e-05
0.000813849,-0.001063652,-0.000189926
0.00043543,-0.001094092,-0.00018744
0.000617739,-0.000760151,-9.55e-05
,-0.00084932,-0.000181665
0.000878916,,0.000204551
0.001041739,-0.000765936,1.04e-05
0.000909525,-0.000537714,-9.59e-05
0.001296807,-0.000615866,-0.000190849
0.000879294,-0.000752645,-0.000104177
0.000954824,-0.000414595,3.94e-05
0.000655179,,-4.64e-05
0.000395387,-0.000319298,-0.000209661
0.000159819,-0.000330766,-0.000255583
0.00022408,2.27e-05,-0.00031985
0.000291409,7.02e-05,-8.08e-05
0.000886897,0.000232234,-1.65e-05
0.00027173,,-9.82e-05
-0.000716304,0.000502136,-7.73e-06
-0.001471437,0.000313597,-0.000124743
-0.000850139,0.000273252,5.62e-05
-0.001162365,0.000457128,-0.000129625
,,6.47e-05
-0.001386459,0.000162785,-0.000162222
-0.001163731,-4.84e-05,-0.000328226
-0.001474428,-0.000150505,-0.000142021
-0.001323806,4.54e-05,-0.000147561
-0.001170168,0.00019568,-0.000149806
-0.000820101,,0.000146916
-0.001394113,1.6e-05,2.9e-05
-0.001570953,9.71e-05,-4.25e-05
-0.001838322,0.000165951,1.3e-05
-0.00231422,1.64e-05,-6.76e-05
-0.001771294,,-2.48e-05
-0.001901996,0.000264872,0.000184667
-0.001014332,0.000373085,0.000130435
-0.000973562,-8.44e-05,4.11e-05
-0.000477193,-0.000168104,-0.000117091
-0.000976498,-0.000385649,0.000270159
-0.001367238,,0.000185958
-0.000703623,-0.000107041,0.000332787
,-0.000744201,0.000263494
-0.000617504,-0.00076015,0.000376779
7.28e-05,-0.000907538,0.000226095
0.000318241,,0.00011786
0.000184691,-0.000944995,-6.04e-05
-3.03e-05,-0.000877673,-6.61e-06
-0.000654216,-0.00082689,7.41e-05
-0.000252208,-0.000946504,9.01e-05
-0.000327707,-0.000400276,-5.23e-05
0.000569051,,0.000276778
0.001144148,-4.61e-06,0.000119103
0.000620206,-5.5e-05,-0.000220265
0.001078878,0.000149991,-0.000281657
0.00154339,0.000171959,-0.000249893
0.002013864,,-0.000183258
0.00238632,-0.000126086,-0.000410956
0.002890569,-6.57e-05,-0.000404573
0.00281814,0.000411311,-0.000266519
,0.000906591,-0.000164127
0.00256943,0.000470679,-0.00019599
0.001835522,,-7.45e-05
0.000226113,0.000629488,-0.000368814
-0.000634845,0.000375725,-0.000207884
3.66e-05,6.01e-05,-0.000379289
0.000419391,-0.000207369,-0.000457602
0.000962296,,-0.000351662
0.000502878,0.000412806,-0.00031862
-0.000219921,0.000482633,-0.00026201
-0.000171853,0.000438854,-0.000228587
-0.000177393,0.000216591,-7.91e-05
0.000178967,-6.1e-05,-0.000377506
0.001401312,,-0.000373773
0.000925813,0.000134652,-3.66e-05
0.001196551,0.000198997,-0.000152985
-1.24e-05,0.000236686,0.000192774
-0.000323265,0.000405481,4.01e-06
,,-3.59e-05
3.29e-05,0.000449776,-0.000116766
-0.000344674,0.000627847,-8.6e-05
-0.001376271,0.000528876,-7.79e-05
-0.001896865,0.000363,-5.86e-05
-0.002062113,0.000160863,0.00017336
-0.002477957,,0.000363799
-0.002847407,0.000155931,0.000310172
-0.002706254,-2.29e-05,0.000303892
-0.00234718,0.000208135,0.000230177
-0.001583523,-0.000289889,0.000394675
-0.001470101,-0.00059327,0.000403946
-0.001295975,,0.00058097
-0.001267881,-0.001361561,0.000356663
-0.001267315,-0.001932843,0.000647163
-0.001437209,-0.001091527,0.000468687
-0.001133665,-0.000941348,-6.89e-06
-0.000542289,,-4.57e-05
-0.000629755,-0.000988732,-3.85e-05
,-0.000705531,-1.5e-05
-0.000286739,-0.000712147,7.95e-06
0.000508986,-0.000455461,0.000235856
0.000596335,-0.000670925,-3.05e-05
0.001038577,,3.1e-05
0.001118821,-0.000887264,1.91e-05
0.000785297,-0.000838725,0.000245383
0.000511089,-0.000376094,0.000251096
0.000517512,1.53e-06,0.000240626
0.00010617,,0.000237962
-0.000354546,-7.48e-05,-0.000140391
-0.000128471,0.000219273,-0.000141095
0.000594213,-0.000248627,-0.000186895
0.000184186,-0.000209857,2.32e-05
0.000217439,-0.000424501,-0.000318375
0.000279727,,-0.000481176
5.13e-05,-0.000100052,-0.00043396
0.000487659,-0.000470091,-0.000492682
,-0.000213292,-0.000365111
0.000631901,-0.000333395,-0.000567876
-8.15e-06,,-0.000516484
-0.000272626,0.000108509,-0.000407661
-0.000550036,0.00054501,-0.000191393
-0.000597735,0.000784389,-0.000377954
-0.001382949,0.000492456,-0.000114138
-0.001678924,0.000491729,-0.000111292
-0.001515284,,-0.000186198
-0.002070674,0.000569727,-0.000277195
-0.001676456,0.000829378,3.02e-05
-0.001561393,0.000931285,-0.000144175
-0.001527152,0.001332516,3.62e-05
-0.000625582,,4.88e-05
-0.000124865,0.00107237,0.000191494
8.3e-05,0.000864101,0.000376788
0.000775412,0.000456383,0.000318577
0.000385028,0.000246769,0.000123846
-0.000365823,-0.000189026,0.000252478
,,7.23e-05
0.00026519,0.000601457,-9.6e-06
0.000856057,0.000582132,-8.6e-05
0.001673367,0.000849906,-6.23e-05
0.000839586,0.000726957,3.67e-05
0.001040988,,3.06e-05
0.000297793,0.000366624,2.32e-05
-0.000143372,0.000424933,-1.76e-06
-0.00033848,-0.000137506,-5.6e-05
0.000998023,0.000196066,0.000138411
0.000937534,-5.47e-06,8.43e-05
0.000813495,,0.000165265
0.000210489,-4.72e-05,-0.000160178
-8.83e-05,-4.6e-05,-0.000110678
0.000463012,-3.49e-05,-3.74e-05
0.00045201,-0.000118742,-0.000297133
0.000808099,-0.000449787,-0.000258467
0.000494851,,-0.000295952
,-0.000720496,-0.000439476
0.000747329,-0.0006646,-0.000539131
0.001467221,-0.000958715,-0.000211109
0.00070551,-0.000923275,-0.000370537
0.000813643,,-0.000258592
0.000491082,-0.000975789,6.45e-05
0.000458999,-0.000691532,0.000129079
-6.81e-05,-0.000782828,7.92e-05
0.000143677,-0.000976235,9.88e-05
-0.000777195,-0.000970867,-6.79e-05
-0.001245779,,0.000142183
-0.002422897,-0.00115524,0.000506534
-0.003635393,-0.001317022,0.000466885
-0.002600015,-0.00130281,0.000270412
-0.001850392,-0.000939478,0.000368776
-0.001734512,,-3.9e-05
-0.001279368,-0.000825042,-8.86e-05
-0.000902216,-0.000759938,-2.52e-05
-0.001067295,-0.001053079,0.000152183
,-0.001034516,0.00030433
-0.001091709,-0.000776835,0.000178215
-0.001712615,,-0.000136671
-0.001282384,-0.000507027,-3.21e-05
-0.000869675,7.92e-06,0.000142515
4.62e-05,-0.000135155,0.000173572
7.1e-06,2.48e-07,0.000288476
0.000491798,,0.000141053
-0.000518644,1.15e-05,1.12e-05
-0.000742226,-0.000292539,2.81e-05
-0.000630749,0.000207795,0.000101113
-0.000364403,0.000186541,0.000211331
-0.000901205,0.000473263,6.18e-05
-0.00078555,,0.000195775
-0.000227834,0.000370495,-0.000200428
-0.000104182,0.000694592,-2.37e-05
0.000821572,0.000382369,-8.98e-05
0.001288577,0.000360151,-0.000419976
,,-0.000554218
0.000940023,0.000575256,-0.000737538
0.001015071,0.000449888,-0.00049439
0.001025511,0.000441282,-0.000263599
0.001501934,0.000537018,-0.000199267
0.001818673,0.000586116,-0.000445621
0.002309984,,-0.000183858
0.002312415,0.000700318,-0.000171053
0.001445259,6.86e-05,-0.00028407
0.001183389,6.75e-05,-0.000326486
0.000188787,-9.19e-05,-0.000423184
-0.000179764,,-0.000117127
0.001066863,0.000418215,2.88e-05
0.00134401,0.000399885,5.71e-05
0.001689256,0.000114616,-1.16e-05
0.001504648,0.000388754,-3.12e-05
0.000778795,0.000266048,-8.51e-05
0.000395219,,-0.00022685
3.09e-05,0.000518664,-0.000147261
,0.000650647,-0.000254897
0.000345164,-3.5e-05,-0.000195643
0.000105253,-0.00023545,-0.00030271
-8.58e-05,,-1.57e-05
-0.000253069,-0.00041834,0.000247391
-0.000196392,4.53e-05,0.000276844
-0.000313871,1.14e-05,0.000310948
-0.000774391,3.46e-05,0.000132136
-0.001476541,0.000220695,0.000343295
-0.001438045,,0.000215794
-0.002014846,2.06e-05,0.00047828
-0.001982578,-0.000214305,0.000535476
-0.002049393,-8.31e-05,0.000448905
-0.001490903,-5.07e-05,0.000334845
-0.00155381,0.000298385,0.000211472
-0.0020679,,6.02e-05
-0.002155508,0.000369878,-2.49e-05
-0.002321377,0.000247766,0.000302656
,0.000383565,0.000313314
-0.002264501,5.31e-05,0.000336072
-0.002117663,,0.000287024
-0.002085953,-4.83e-05,0.000154141
-0.001752192,-0.000182564,3.66e-05
-0.001579812,0.000145224,4.6e-05
-0.00184408,0.000264828,-1.56e-05
-0.001933888,0.000520727,0.000172563
-0.001278912,,8.96e-05
-0.000575659,6.38e-05,0.000116114
-0.000379362,-3.54e-05,-1.12e-05
-2.07e-05,-0.000291333,-6.58e-05
0.000177264,-6.58e-05,-0.00018279
-8.38e-06,,-0.000226201
-0.000570378,-0.000207012,-0.000214604
0.000335214,9.24e-05,-0.000505488
0.000190753,8.2e-05,-0.00039208
0.00143944,-0.000286379,-0.000425656
0.000951456,-0.000495113,-0.000405131
,,-0.000379891
0.001204584,-0.000460019,-0.00035052
0.000834695,-0.000572048,-0.000368047
0.000642143,-0.000731713,-0.000480757
0.000924992,-0.000988202,-0.00073849
0.000948884,,-0.000594224
0.000686368,-0.000907056,-0.000336574
0.001273775,-0.001310688,-0.0002646
0.001275529,-0.000759426,-0.000447384
0.001095446,-0.000332576,-0.000279817
0.000434064,-0.000368304,-0.000329641
-0.000136547,,-0.000272267
-0.000163383,-0.000425346,-0.000180565
0.00076546,-0.00035461,-0.000180032
0.000806335,-0.00045483,-5.44e-05
0.000938009,-2.02e-05,-8.77e-05
0.000646328,,0.0001751
0.000537929,0.000292498,-7.39e-05
,0.000297235,-5.18e-05
0.000966937,-0.000272087,0.000157569
0.000872272,-0.000436869,0.00016293
1.83e-05,-0.000900144,0.000285857
-0.000500436,,0.000153776
-0.000803155,-0.000985368,0.000232184
-4.85e-05,-0.00105218,0.000287788
3.32e-05,-0.000493062,0.000281836
-0.00024113,-0.000595361,0.000450238
0.000172814,,0.000273294
-1.83e-05,-0.000522538,0.000251714
-0.000126123,-0.000315214,0.000187019
-0.000150632,-8.21e-05,0.000181521
-0.000311065,2.71e-05,-8.7e-06
0.000451783,-2.19e-05,-4.79e-05
0.000526454,,-2.14e-05
0.000710623,-0.000107076,6.11e-05
0.000817442,0.000300679,7.54e-05
0.000204751,0.000497733,-2.43e-05
,0.000813661,2.63e-05
5.03e-05,,0.000249064
-0.000195709,0.000623139,4.33e-05
0.000395358,0.000300818,0.000157308
0.000698823,0.000132762,0.000197368
0.000887923,-0.000195872,-0.000107365
0.000109367,0.000234686,-0.000216344
-0.000400066,,-0.00015862
-0.000755573,0.000757634,1.12e-05
-0.000291127,0.000507969,-0.000152092
-0.000332978,0.000483245,3.38e-05
-0.000143326,0.000299975,-0.000122313
0.000169477,0.000211092,8.45e-05
-0.000491303,,-4.82e-05
-0.000792048,0.000208423,6.53e-06
-0.001316912,0.000177293,0.000156686
-0.00105429,0.000112648,0.000150649
-0.001648713,0.000300381,0.000181268
,,7.49e-05
-0.001681277,0.000378616,2.52e-06
-0.001665703,0.000319661,-0.000114655
-0.002489699,0.000265937,-3.03e-05
-0.001752899,0.000602925,3.05e-05
-0.000639729,0.00015934,0.000169189
-0.000632255,,0.000104842
-0.000534589,-0.000133117,2.09e-05
-0.00068526,0.00014506,0.000149504
-0.000989607,-3.49e-05,-2.72e-05
-0.00027364,-0.000488504,1.79e-05
0.000654728,,-5.83e-05
0.000463528,-0.000708883,-3.33e-05
-0.000209023,-0.000562234,3.02e-05
-0.000994148,-0.000941137,3.37e-05
-0.001929807,-0.001321954,-9.92e-05
-0.002058466,-0.000886947,-0.000284624
-0.002006804,,-0.000265349
-0.001078999,-0.000986683,-0.000151913
,-0.000314722,-0.000429709
-0.001498235,-0.000273267,-0.000375937
-0.001415833,4.91e-05,-0.000458784
-0.001042996,,-0.000224887
-0.000405203,-0.000129391,1.31e-06
-1.18e-05,-0.000175177,-0.000134242
-1.87e-05,-0.00018995,-0.000197052
-2.76e-05,-0.00014894,-0.000303798
0.000457097,-0.000309929,-0.000187846
0.001352347,,-0.000165781
0.001650915,9.8e-05,0.000327991
0.00119409,8e-06,0.000134949
0.000708893,-0.000206864,2.98e-05
-6.15e-05,-0.000419968,-0.000149109
-0.000145116,,-0.000469121
0.000422629,-0.000493564,-0.000364036
0.001227664,-0.000264907,-0.000414309
0.000872963,-0.000312449,-5.31e-05
,0.000393249,-0.000186605
0.000962017,0.000509864,-0.000171477
0.000929212,,-0.0003782
0.000586622,0.0011755,-5.45e-05
0.000368717,0.000441451,-0.000174571
0.000425046,-0.000126068,2.32e-06
0.000207911,0.000456879,0.000171961
0.000340678,,0.000148995
0.000873912,0.000518218,0.000278449
0.000910724,0.000574454,0.000477005
0.001033643,0.000822841,0.000202073
0.000711651,0.000915351,-4.31e-05
0.000143978,0.001104838,-2.77e-05
-5.09e-05,,3.38e-05
0.000487314,0.000830187,-5.57e-05
0.000183178,0.000757976,0.000201191
-0.000759787,0.001137879,0.000257821
-0.001222068,0.000661917,0.000187944
,,0.000235009
-0.001140511,0.000130608,0.000308233
-0.001723285,-0.000285856,1e-06
-0.002561582,-0.000344358,1.59e-05
-0.002193284,-0.000820978,0.000145273
-0.002020143,-0.00118663,0.000105109
-0.000899812,,0.000270449
-0.000648161,-0.001519771,0.00026297
-0.000224368,-0.002066851,4.11e-05
-0.000323127,-0.002310016,0.000123257
-0.000552412,-0.002963472,0.000103528
-0.000363842,-0.002279126,2.69e-05
-0.000429217,,0.000125502
-0.00031724,-0.001777995,4.62e-05
0.000299363,-0.001440098,-0.000272524
-0.000154038,-0.000779546,-0.000223531
-0.000333081,4.6e-05,-0.000187274
-0.001059662,,-0.000421979
-0.001074334,0.000687428,-0.000439963
,0.001508285,-0.000102762
-0.000836928,0.001586172,-0.000475167
2.98e-05,0.001346903,-0.00032582
0.000709475,0.000893169,-0.00015597
0.001200909,,-7.77e-06
0.002315438,0.001029969,-0.000136351
0.001110077,0.00101799,-0.000139408
0.000294324,0.001143953,4.78e-05
0.001012872,0.000620758,-0.000104216
0.000898376,,-0.000205493
0.000815415,0.000416807,0.000176652
0.001277172,0.000268326,3.35e-07
0.001696565,0.000146891,-0.000138844
0.001830063,-3.3e-05,-0.000331154
0.001750368,-0.000586458,-0.000440495
0.001995268,,-0.000124052
0.002241401,-0.000673139,-0.000198014
0.001235834,-0.001024431,0.00027783
,-0.000779456,0.000376586
0.000444161,-0.000526432,0.000423466
-0.000225421,,0.000188037
-0.000727982,-0.000698843,-0.000185103
-0.001717771,-0.000751155,0.000309634
-0.002543507,-0.000830927,0.000229992
-0.003162344,-0.001508208,7.43e-05
-0.004308765,-0.001173654,0.000318078
-0.004895925,,0.000387208
-0.005615528,-0.001099409,0.000351565
-0.004455069,-0.001028666,0.000309382
-0.003785144,-0.000595958,0.000385791
-0.00312556,0.000191632,0.000355975
-0.00138632,,0.000221921
3.56e-05,0.000545675,9.29e-05
0.001684209,0.001161549,2.13e-05
0.003174864,0.001662833,-0.000371569
0.003032674,0.00182892,-0.000515111
0.002067038,0.001486471,-0.000343946
,,-0.000561146
0.001735429,0.001060043,-0.0008325
0.001788802,0.000533615,-0.001041219
0.00179804,0.000643905,-0.001134321
0.001904629,0.000607161,-0.00071345
0.001533469,,-0.000681095
0.00081886,0.000581585,-0.000825417
0.000455577,0.000600006,-0.000219825
0.000175978,0.001251776,3.2e-05
0.000162399,0.001399228,0.000384887
-0.001189603,0.001101957,0.000656375
-0.001377242,,0.000696017
-0.001771317,0.000661073,0.000420257
-0.00146974,-0.000951149,0.000372229
-0.000999235,-0.002315077,0.000475059
-0.001156404,-0.00296931,0.000436175
-0.001536328,-0.002944519,0.000346486
-0.001720311,,0.0003007
,-0.002800671,5.56e-05
-0.002677975,-0.001581272,0.000172911
-0.002182261,-5.31e-05,0.000180597
-0.002236878,0.000966744,-7.24e-07
-0.00185987,,-0.000221789
-0.00107663,0.001123345,-0.000468974
0.00018802,0.001030601,-0.000380432
0.001505029,0.000619458,-0.000267069
0.002693238,-0.000148128,-0.000119043
0.00327968,-0.000461866,-0.000312167
0.003336116,,-0.00035682
0.003086017,9.44e-05,-0.000414111
0.001970389,-2.37e-05,-0.00049786
0.001150648,4.43e-05,-0.000590433
0.001235262,0.000345416,-0.00052058
0.001081574,,-0.000330077
0.001105992,-0.000296381,-0.000317199
0.001586626,-0.000293535,0.00011795
0.002406369,8.28e-05,0.000297481
,0.000230507,0.000594874
0.002945834,0.000195699,0.000556163
0.002383928,,0.00064887
0.000996254,3.32e-05,0.000622685
-0.00178069,0.000436819,0.000426815
-0.004324013,0.001547812,0.000246337
-0.005711011,0.001544809,0.000391708
-0.006075984,,0.000221922
-0.00550222,0.001627311,0.000194923
-0.003220682,0.001319879,0.000170748
-0.000327675,0.001211516,0.000568672
0.001981383,0.00099156,0.000475631
0.002473167,0.000323631,0.000527684
0.001813166,,0.000326265
0.001116148,-0.000696719,-0.000356285
-0.000365846,-0.001566134,-0.000946824
-0.000948021,-0.001962206,-0.001225338
-3.06e-05,-0.002296653,-0.0011742
,,-0.001108941
8.97e-06,-0.001915626,-0.000658098
-0.000155315,-0.001110804,-7.12e-05
0.000483002,-0.000951822,0.000428385
-0.000606643,-0.00102489,0.000523278
-0.000681983,-0.001879088,0.000386777
2.36e-06,,0.000233378
0.00020427,-0.001757981,5.79e-05
0.000563814,-0.001316231,-4.1e-05
0.00020504,-0.000923631,6.06e-06
0.001073967,-0.001180194,-0.000174978
0.003062795,,-0.000156693
0.003285703,-0.000968785,8.47e-05
0.00297102,-0.00059435,-7.52e-06
0.002662315,-0.00046272,-0.000139908
0.002263642,-6.03e-05,6.44e-05
0.002019599,-0.000108213,0.000124326
0.00041767,,0.000233257
-0.001528423,0.00032643,-0.000296137
,0.000689932,0.0002498
-0.003232786,0.000647497,0.000678135
-0.003950506,0.001319559,0.000767852
-0.004597015,,0.000678179
-0.004124434,0.001931867,0.000613245
-0.002605709,0.001383446,0.000409008
-0.0021405,0.001251953,0.000452818
-0.002022916,0.000556082,0.000150513
-0.003678495,0.000295665,-0.000364202
-0.00388355,,-0.000615111
-0.002826305,0.000412377,-0.000682443
-0.001948564,0.000585552,-0.0010334
-0.002073546,0.000185528,-0.000794289
-0.002088969,0.000391342,-0.000544387
-0.001255833,0.000271776,-0.000373335
-6.92e-06,,-0.00029303
-0.000278274,-0.000106912,-0.000691807
-0.00026582,-0.000365571,-0.000775805
,-0.000774675,-0.000661106
0.000642604,-0.001132228,-0.000372083
0.0012665,,-0.000566477
0.001643908,-0.001067913,-0.000416808
0.002726771,-0.001792504,-0.000140602
0.00435669,-0.001814886,-0.000119701
0.003140911,-0.002197368,5.78e-05
0.002218898,-0.00139012,-0.000106726
0.000762491,,7.53e-05
0.000565273,-0.001021188,0.000218936
0.000751001,-2.52e-05,0.000440445
0.00103017,0.000867792,0.000589243
0.000446606,0.001898856,0.000892879
0.000314347,,0.000649297
0.000341458,0.002731414,0.000281993
-9.28e-05,0.002475533,0.00012474
-0.00076644,0.002174811,0.000204833
-0.001359758,0.001627891,0.000442628
-0.00211667,0.000997589,0.00023432
,,9.8e-05
-0.002279411,0.00102454,-9.95e-05
-0.003941357,0.000584277,0.000136369
-0.004038959,0.000318214,5.28e-05
-0.004353555,-0.000838263,-0.000137461
-0.002838766,,-0.000285122
-0.00185724,-0.001664705,-0.000423863
7.82e-06,-0.001605169,-0.000401313
0.002246808,-0.001513806,-0.000793978
0.003895523,-0.000910587,-0.00071059
0.005136278,0.000158044,-0.00085498
0.005235277,,-0.000544105
0.004046318,0.000557849,-0.000420363
0.003495743,0.000750572,1.45e-06
0.002503292,3.44e-05,0.000415651
0.001949571,-0.00099709,0.000662032
0.001320391,,0.001171971
0.000425045,-0.001910722,0.001116814
,-0.001981378,0.000904062
-0.001610767,-0.000857066,0.000662037
-0.003180246,-0.000129681,0.000317206
-0.003714871,0.000393405,0.000414754
-0.002969945,,0.000348774
-0.001571578,0.000592924,9.87e-05
5.52e-05,0.000402493,-0.000280399
0.001049859,-0.000137703,-0.000502657
0.001489284,0.000215057,-0.000698065
-0.000164284,,-0.00060265
-0.002063857,0.000533237,-0.000443924
-0.003729614,0.00156635,0.000101221
-0.003954234,0.001726278,6.75e-05
-0.001516837,0.001807925,0.000421643
4.91e-05,0.001530159,-2.93e-05
0.000712152,,-0.000187206
0.001357547,0.000819578,-0.000743482
0.001180172,0.000793097,-0.000740533
-8.06e-05,0.000568736,-0.000109758
,0.000321637,5.89e-06
0.000476961,,0.000257453
0.00122428,-0.000749485,-6.31e-05
0.003107203,-0.001775269,0.000341038
0.003568404,-0.002159139,5.68e-05
0.003646376,-0.002425804,0.00021184
0.002407262,-0.002301564,0.000323022
0.001850516,,0.000643306
0.001613879,-0.001039158,0.000759449
0.000973444,-0.000376815,0.000639679
0.000338776,-0.000624088,0.000687612
-0.001391753,-0.000153915,0.000376303
-0.003189723,-5.99e-05,0.00031356
-0.004864253,,0.000183792
-0.004941518,-0.00017126,0.000252869
-0.004608842,-0.000153144,-0.000333116
-0.002104548,-0.000292138,-0.000721705
-0.000741391,-0.000766205,-0.000896885
,,-0.00114315
-0.00083701,-0.000913342,-0.000940359
-0.000252819,-0.000262721,-0.000488799
0.000119974,-0.000461817,-0.000227069
-0.000427603,-0.000132376,-0.000244934
-0.000451764,0.000429319,-7.37e-05
-0.000673794,,-0.000129464
-0.001571697,0.000574486,-0.0002087
-0.00164704,0.000804386,6.59e-05
-0.000568189,-8.46e-05,-4.69e-05
-0.000885956,-0.000451569,-0.00010542
-0.000203707,,-0.000296581
0.000889796,-0.000604762,0.000129898
0.001415758,4.74e-05,-0.000285522
0.00125688,-0.000650322,0.000116545
-0.00024055,-0.000616957,0.000368956
-0.001123536,0.000255961,0.000410874
-0.001144051,,0.00030915
0.000150486,0.00062141,-3.54e-05
,0.000308045,-0.000421311
-0.001434571,-0.000451253,-0.000238945
-0.001082812,-0.001092379,-0.000127934
0.000155739,,-0.000128969
0.001332964,-0.000146329,-0.000212351
0.000365135,0.000593587,0.00010892
-0.001454395,0.000678607,0.000128418
-0.002038252,0.000237779,-8.13e-05
-0.000334702,0.00044645,-0.000277509
0.001428871,,-0.000497125
0.001103686,0.000179068,-0.000235114
0.000411506,-0.000404143,0.000364269
0.000435709,-0.001230567,0.000173016
0.000379018,-0.000728188,0.00023805
-0.000714854,,8.79e-05
-0.002447015,-0.000621685,3.99e-05
-0.001643117,-0.000222659,-8.5e-05
-0.001592995,-0.000418548,-0.000264603
,-0.000494935,-0.000542288
-0.000557631,0.000164775,-0.00022851
-0.000692239,,-0.000175467
-0.000756579,0.000864662,-0.000223545
0.00054294,-0.000114617,-0.000161921
0.001661811,6.09e-05,-2.31e-05
0.000233339,0.001358824,0.000343992
0.000139641,,7.92e-05
0.002569997,0.00216353,-3.7e-06
0.004330277,0.002272613,0.000597016
0.004760266,0.001409192,0.00093343
0.003014815,-0.000127537,0.000823178
0.000194296,-0.000126206,0.000574916
-0.000673504,,1.54e-05
-0.001245375,-0.000754022,-8.9e-06
-0.002578386,-0.001262343,-0.000259495
-0.003565925,-0.001707591,-0.00037107
-0.002823198,-0.00120847,-0.000770207
,,-0.000797058
0.000393386,0.000231373,0.000279401
